date,keyword,google_trend,etsy_reviews,amazon_bsr,demand,competition,growth,trend,opportunity,seasonality,buyer_intent,collection,material,style,recommended_product,price_range,reason,etsy_price,etsy_sales,amazon_reviews,category,_ai_failed
2026-07-16,halloween mug,,,,75,60,70,80,65,high,gift,holiday,ceramic,themed,mug,15-25,Halloween-themed items see a spike in demand during the fall season.,,,,,
2026-07-16,ghost mirror,,,,50,40,55,60,45,medium,decor,home decor,glass,spooky,mirror,30-50,"Ghost motifs are popular in home decor, especially around Halloween.",,,,,
2026-07-16,teacher tumbler,,,,80,50,65,75,70,medium,gift,gifts,stainless steel,functional,tumbler,20-30,Teacher appreciation gifts are consistently popular throughout the school year.,,,,,
2026-07-27,halloween mug set,,,,60,40,50,55,65,high,gift,Halloween,ceramic,set,mug set,$15-$30,This keyword shows moderate demand with seasonal relevance.,,,,,
2026-07-27,ghost mirror sliding door,,,,55,45,50,50,60,low,home decor,home decor,glass,modern,mirror,$50-$100,This keyword indicates a niche demand with specific application.,,,,,
2026-07-27,teacher tumbler cup,,,,65,50,55,60,70,medium,gift,gifts,stainless steel,personalized,tumbler cup,$10-$25,This keyword has good demand and is popular among gift buyers.,,,,,
2026-07-27,halloween mug,,,,50,60,45,50,55,high,gift,Halloween,ceramic,themed,mug,$10-$20,This is a popular seasonal item with moderate competition.,,,,,
2026-07-27,ghost mirror,,,,45,55,40,45,50,low,home decor,home decor,glass,modern,mirror,$30-$70,This keyword has lower demand but is still relevant in home decor.,,,,,
2026-07-27,teacher tumbler,,,,55,50,50,55,60,medium,gift,gifts,plastic,personalized,tumbler,$10-$20,This keyword has a decent demand and is suitable for gifting.,,,,,
2026-07-27,halloween mugs,,,,40,50,45,40,45,high,gift,Halloween,ceramic,themed,mug,$10-$20,This keyword indicates a specific seasonal interest with lower competition.,,,,,
2026-07-27,halloween mugen,,,,30,30,35,30,35,high,gift,Halloween,ceramic,themed,mug,$10-$20,"This keyword has lower demand and is less common, indicating niche interest.",,,,,
2026-07-27,halloween mugs target,,,,20,10,15,10,25,high,low,,,,mugs,10-20,Limited cross-platform presence indicates niche interest.,,,,,
2026-07-27,halloween mugshots,,,,15,10,10,5,20,high,low,,,,mugs,10-20,Niche keyword with limited visibility across platforms.,,,,,
2026-07-27,halloween mugen gbf,,,,10,5,5,5,15,low,very low,,,,mugs,10-20,Highly specific and likely limited audience.,,,,,
2026-07-27,halloween mugs tk maxx,,,,15,10,10,5,20,high,low,,,,mugs,10-20,Limited to TK Maxx suggests a specific retail interest.,,,,,
2026-07-27,halloween mugs indigo,,,,15,10,10,5,20,high,low,,,,mugs,10-20,Specific to Indigo suggests limited broader appeal.,,,,,
2026-07-27,halloween mug asda,,,,15,10,10,5,20,high,low,,,,mugs,10-20,Asda-specific keywords suggest limited reach.,,,,,
2026-07-27,halloween mug emma bridgewater,,,,20,15,15,10,25,high,medium,,,,mugs,20-30,Brand-specific interest may attract dedicated buyers.,,,,,
2026-07-27,halloween mugs set of 4,,,,30,25,20,15,35,high,high,,,,mugs,30-50,Broader appeal with higher demand for sets.,,,,,
2026-07-27,johanna parker halloween mugs,,,,20,30,10,5,15,high,low,,,,mugs,$10-$20,Specific brand appeal limits broader demand.,,,,,
2026-07-27,halloween mugs coffee,,,,20,30,10,5,15,high,low,,,,mugs,$10-$20,Generic term with low search volume.,,,,,
2026-07-27,vintage halloween mug,,,,20,30,10,5,15,high,low,,,,mugs,$10-$25,Niche appeal may limit broader market potential.,,,,,
2026-07-27,snoopy halloween mug,,,,20,30,10,5,15,high,low,,,,mugs,$10-$20,Character-specific mugs have limited audience.,,,,,
2026-07-27,cute halloween mugs,,,,20,30,10,5,15,high,low,,,,mugs,$10-$20,General appeal but low specific search volume.,,,,,
2026-07-27,halloween mugs bulk,,,,20,30,10,5,15,high,low,,,,mugs,$5-$15,Bulk purchases indicate specific use cases but limited demand.,,,,,
2026-07-27,halloween mug 20oz,,,,20,30,10,5,15,high,low,,,,mugs,$10-$20,Specific size may limit broader appeal.,,,,,
2026-07-27,ghost mirror game,,,,20,30,10,5,15,medium,medium,,,,game,$10-$25,Interest in games may indicate niche market potential.,,,,,
2026-07-27,ghost mirror pottery barn,,,,10,5,5,5,10,none,low,,,,home decor,medium,"Specific to a brand, indicating niche interest.",,,,,
2026-07-27,ghost mirror door,,,,10,5,5,5,10,none,low,,,,home decor,medium,Niche product related to home design.,,,,,
2026-07-27,ghost mirror phasmophobia,,,,10,5,5,5,10,none,low,,,,gaming merchandise,low,"Related to a specific game, indicating niche interest.",,,,,
2026-07-27,ghost mirror horror game,,,,10,5,5,5,10,none,low,,,,gaming merchandise,low,"Appeals to horror game enthusiasts, indicating niche demand.",,,,,
2026-07-27,ghost mirror movie,,,,10,5,5,5,10,none,low,,,,movie merchandise,low,"Related to a specific genre, indicating niche interest.",,,,,
2026-07-27,ghost mirror steam,,,,10,5,5,5,10,none,low,,,,gaming merchandise,low,"Refers to a gaming platform, indicating niche interest.",,,,,
2026-07-27,ghost mirror marshalls,,,,10,5,5,5,10,none,low,,,,home decor,medium,"Specific to a retail store, indicating niche interest.",,,,,
2026-07-27,ghost mirror trick,,,,10,5,5,5,10,none,low,,,,novelty items,low,"Indicates a specific theme, appealing to niche audiences.",,,,,
2026-07-27,martha stewart ghost mirror,,,,20,30,10,15,25,Halloween,Low,,,,ghost mirror,$20-$50,Specific brand association may limit broader appeal.,,,,,
2026-07-27,light up ghost mirror,,,,20,30,10,15,25,Halloween,Low,,,,ghost mirror,$30-$60,Niche product with limited search volume.,,,,,
2026-07-27,ghost mirror decal,,,,20,30,10,15,25,Halloween,Low,,,,decal,$5-$15,Decals are a common but low-demand item.,,,,,
2026-07-27,martha stewart ghost mirror halloween,,,,20,30,10,15,25,Halloween,Low,,,,ghost mirror,$20-$50,Specific brand and seasonal focus may limit interest.,,,,,
2026-07-27,ghost mirror hologram,,,,20,30,10,15,25,Halloween,Low,,,,hologram mirror,$30-$70,Hologram effects are niche and may not attract broad interest.,,,,,
2026-07-27,halloween ghost mirror,,,,20,30,10,15,25,Halloween,Low,,,,ghost mirror,$20-$50,Generic term may not yield high sales.,,,,,
2026-07-27,ghost mirror cling,,,,20,30,10,15,25,Halloween,Low,,,,cling,$5-$15,Clings are common but may not stand out in the market.,,,,,
2026-07-27,ghost mirror sticker,,,,20,30,10,15,25,Halloween,Low,,,,sticker,$5-$15,Stickers are widely available and may face high competition.,,,,,
2026-07-27,teacher tumbler ideas,,,,10,10,10,10,10,none,low,teacher gifts,drinkware,modern,tumbler,$10-$30,Low cross-platform presence indicates limited demand.,,,,,
2026-07-27,teacher tumbler wrap,,,,10,10,10,10,10,none,low,teacher gifts,accessories,customizable,tumbler wrap,$5-$15,Limited visibility across platforms suggests low interest.,,,,,
2026-07-27,teacher tumbler designs,,,,10,10,10,10,10,none,low,teacher gifts,drinkware,artistic,tumbler,$10-$25,Low cross-platform presence indicates limited demand.,,,,,
2026-07-27,teacher tumbler gift ideas,,,,10,10,10,10,10,none,low,teacher gifts,various,thoughtful,gift set,$15-$40,Limited visibility across platforms suggests low interest.,,,,,
2026-07-27,teacher tumbler nearby,,,,10,10,10,10,10,none,low,teacher gifts,drinkware,local,local tumbler,$10-$30,Low cross-platform presence indicates limited demand.,,,,,
2026-07-27,teacher tumbler hobby lobby,,,,10,10,10,10,10,none,low,teacher gifts,drinkware,themed,tumbler,$10-$25,Limited visibility across platforms suggests low interest.,,,,,
2026-07-27,teacher tumbler michaels,,,,10,10,10,10,10,none,low,teacher gifts,drinkware,crafty,craft tumbler,$10-$30,Low cross-platform presence indicates limited demand.,,,,,
2026-07-27,teacher tumbler near me,,,,10,10,10,10,10,none,low,teacher gifts,drinkware,local,local tumbler,$10-$30,Limited visibility across platforms suggests low interest.,,,,,
2026-07-27,teacher tumbler svg,,,,20,10,15,10,25,none,low,,,,digital downloads,$5-$15,Limited platform presence indicates lower demand.,,,,,
2026-07-27,teacher tumblers for women,,,,30,20,25,20,35,none,medium,,,,tumblers,$15-$30,Specific audience targeting suggests moderate demand.,,,,,
2026-07-27,teacher tumbler with straw,,,,30,20,25,20,35,none,medium,,,,tumblers,$15-$30,Popular feature indicates steady interest.,,,,,
2026-07-27,teacher tumbler bulk,,,,25,15,20,15,30,none,high,,,,tumblers,$10-$25,Bulk purchasing suggests high buyer intent for gifts or events.,,,,,
2026-07-27,teacher tumbler with handle,,,,25,15,20,15,30,none,medium,,,,tumblers,$15-$30,Functional design appeals to practical buyers.,,,,,
2026-07-27,teacher tumbler gift set,,,,35,25,30,25,40,high,high,,,,gift sets,$25-$50,"Gift sets are popular for special occasions, indicating strong demand.",,,,,
2026-07-27,teacher tumbler accessories,,,,20,10,15,10,25,none,low,,,,accessories,$5-$15,Accessories have limited standalone demand.,,,,,
2026-07-27,teacher tumbler 40 oz,,,,30,20,25,20,35,none,medium,,,,tumblers,$20-$35,Larger capacity tumblers appeal to a specific user preference.,,,,,
2026-07-27,teacher tumbler gift,,,,40,30,50,20,60,year-round,gift,gifts,metal,personalized,tumblers,$15-$30,"This keyword shows potential for gifts targeted at teachers, with moderate competition.",,,,,
2026-07-27,halloween mug set,,,,60,40,50,30,70,high,gift,,,,mug set,$20-$40,This keyword indicates a specific product set for a seasonal occasion.,,,,,
2026-07-27,ghost mirror sliding door,,,,60,40,50,30,70,low,home decor,,,,mirror,$50-$100,This keyword suggests a unique home decor item with a specific function.,,,,,
2026-07-27,teacher tumbler cup,,,,60,40,50,30,70,medium,gift,,,,tumbler cup,$15-$30,This keyword targets a specific audience looking for gifts for teachers.,,,,,
2026-07-27,halloween mug,,,,40,60,30,20,40,high,gift,,,,mug,$10-$25,This is a popular seasonal item with moderate competition.,,,,,
2026-07-27,ghost mirror,,,,40,60,30,20,40,low,home decor,,,,mirror,$50-$100,This keyword suggests a niche decor item with moderate competition.,,,,,
2026-07-27,teacher tumbler,,,,40,60,30,20,40,medium,gift,,,,tumbler,$15-$30,This keyword targets a specific audience looking for gifts for teachers.,,,,,
2026-07-27,halloween mugs,,,,30,70,20,10,30,high,gift,,,,mug,$10-$25,This keyword is a variation with lower demand and higher competition.,,,,,
2026-07-27,halloween mugen,,,,20,80,10,5,20,high,gift,,,,mug,$10-$25,This keyword appears to be a niche variation with very low demand.,,,,,
2026-07-27,halloween mugs target,,,,20,10,15,10,25,high,low,,,,mugs,10-20,Limited presence on major platforms suggests niche interest.,,,,,
2026-07-27,halloween mugshots,,,,20,10,15,10,25,high,low,,,,mugs,10-20,Limited presence indicates a niche market.,,,,,
2026-07-27,halloween mugen gbf,,,,20,10,15,10,25,high,low,,,,mugs,10-20,Very niche keyword with limited search presence.,,,,,
2026-07-27,halloween mugs tk maxx,,,,20,10,15,10,25,high,low,,,,mugs,10-20,Low competition suggests limited availability.,,,,,
2026-07-27,halloween mugs indigo,,,,20,10,15,10,25,high,low,,,,mugs,10-20,Indicates a specific retailer focus with low competition.,,,,,
2026-07-27,halloween mug asda,,,,20,10,15,10,25,high,low,,,,mugs,10-20,Limited search presence suggests niche interest.,,,,,
2026-07-27,halloween mug emma bridgewater,,,,20,10,15,10,25,high,low,,,,mugs,20-30,Specific brand focus indicates niche market.,,,,,
2026-07-27,halloween mugs set of 4,,,,30,20,25,20,35,high,medium,,,,set of mugs,30-50,Higher demand and competition suggest broader appeal.,,,,,
2026-07-27,johanna parker halloween mugs,,,,30,20,10,10,40,high,medium,halloween,ceramic,vintage,mugs,$15-$30,Niche design with limited availability.,,,,,
2026-07-27,halloween mugs coffee,,,,30,20,10,10,40,high,medium,halloween,ceramic,fun,mugs,$10-$25,Common theme for seasonal coffee drinkers.,,,,,
2026-07-27,vintage halloween mug,,,,30,20,10,10,40,high,medium,halloween,ceramic,vintage,mugs,$15-$35,Appeals to collectors and vintage enthusiasts.,,,,,
2026-07-27,snoopy halloween mug,,,,30,20,10,10,40,high,medium,halloween,ceramic,character,mugs,$10-$25,Popular character mug with seasonal appeal.,,,,,
2026-07-27,cute halloween mugs,,,,30,20,10,10,40,high,medium,halloween,ceramic,cute,mugs,$10-$20,Appeals to a broad audience looking for festive items.,,,,,
2026-07-27,halloween mugs bulk,,,,30,20,10,10,40,high,high,halloween,ceramic,functional,mugs,$8-$15,"Ideal for parties and events, indicating higher purchase intent.",,,,,
2026-07-27,halloween mug 20oz,,,,30,20,10,10,40,high,medium,halloween,ceramic,functional,mugs,$10-$25,Specific size appeal for coffee drinkers.,,,,,
2026-07-27,halloween 1978 mug,,,,30,20,10,10,40,high,medium,halloween,ceramic,vintage,mugs,$15-$30,Nostalgic appeal for fans of the classic film.,,,,,
2026-07-27,ghost mirror game,,,,10,10,10,10,10,none,low,games,digital,horror,game,low,This keyword has limited cross-platform presence indicating low demand.,,,,,
2026-07-27,ghost mirror martha stewart,,,,10,10,10,10,10,none,low,home decor,glass,modern,home decor,medium,This keyword has limited cross-platform presence indicating low demand.,,,,,
2026-07-27,ghost mirror pottery barn,,,,10,10,10,10,10,none,low,home decor,wood/glass,traditional,home decor,medium,This keyword has limited cross-platform presence indicating low demand.,,,,,
2026-07-27,ghost mirror door,,,,10,10,10,10,10,none,low,home decor,wood/glass,modern,door decor,medium,This keyword has limited cross-platform presence indicating low demand.,,,,,
2026-07-27,ghost mirror phasmophobia,,,,10,10,10,10,10,none,low,games,digital,horror,game,low,This keyword has limited cross-platform presence indicating low demand.,,,,,
2026-07-27,ghost mirror horror game,,,,10,10,10,10,10,none,low,games,digital,horror,game,low,This keyword has limited cross-platform presence indicating low demand.,,,,,
2026-07-27,ghost mirror movie,,,,10,10,10,10,10,none,low,movies,digital,horror,movie,low,This keyword has limited cross-platform presence indicating low demand.,,,,,
2026-07-27,ghost mirror steam,,,,10,10,10,10,10,none,low,games,digital,horror,game,low,This keyword has limited cross-platform presence indicating low demand.,,,,,
2026-07-27,ghost mirror marshalls,,,,10,10,10,10,10,none,low,home decor,glass,modern,mirror,low,Limited platform presence suggests niche interest.,,,,,
2026-07-27,martha stewart ghost mirror,,,,20,20,20,20,20,none,medium,home decor,glass,classic,mirror,medium,Brand association may drive interest.,,,,,
2026-07-27,light up ghost mirror,,,,20,20,20,20,20,none,medium,home decor,glass,modern,mirror,medium,Illuminated features may attract buyers.,,,,,
2026-07-27,ghost mirror decal,,,,20,20,20,20,20,none,medium,home decor,vinyl,modern,decal,low,Decals offer a unique decor option.,,,,,
2026-07-27,martha stewart ghost mirror halloween,,,,30,30,30,30,30,high,high,seasonal decor,glass,thematic,mirror,medium,Seasonal interest for Halloween-themed items.,,,,,
2026-07-27,ghost mirror hologram,,,,20,20,20,20,20,none,medium,home decor,glass,modern,mirror,medium,Holographic features may attract tech-savvy buyers.,,,,,
2026-07-27,halloween ghost mirror,,,,30,30,30,30,30,high,high,seasonal decor,glass,thematic,mirror,medium,Strong seasonal demand for Halloween decor.,,,,,
2026-07-27,ghost mirror cling,,,,20,20,20,20,20,none,medium,home decor,vinyl,modern,cling,low,Clings provide a temporary decor option.,,,,,
2026-07-27,ghost mirror sticker,,,,30,70,20,10,40,low,medium,,,,sticker,$5-$15,Limited to Amazon suggests niche interest.,,,,,
2026-07-27,teacher tumbler ideas,,,,40,60,50,30,50,medium,high,,,,tumbler,$15-$30,High interest in teacher-themed products indicates strong demand.,,,,,
2026-07-27,teacher tumbler wrap,,,,35,50,45,25,55,medium,high,,,,wrap,$10-$20,"Specific to tumbler customization, appealing to DIY enthusiasts.",,,,,
2026-07-27,teacher tumbler designs,,,,40,55,50,30,50,medium,high,,,,designs,$5-$15,Interest in unique designs for teachers indicates strong market potential.,,,,,
2026-07-27,teacher tumbler gift ideas,,,,45,65,55,40,60,high,very high,,,,gift set,$20-$40,"Gift ideas for teachers are always in demand, especially around holidays.",,,,,
2026-07-27,teacher tumbler nearby,,,,20,40,10,5,30,low,low,,,,tumbler,$10-$25,Limited search interest suggests low demand.,,,,,
2026-07-27,teacher tumbler hobby lobby,,,,25,30,15,10,35,low,medium,,,,tumbler,$15-$30,Niche interest tied to a specific retailer suggests limited appeal.,,,,,
2026-07-27,teacher tumbler michaels,,,,25,30,15,10,35,low,medium,,,,tumbler,$15-$30,"Similar to Hobby Lobby, limited to a specific retailer.",,,,,
2026-07-27,teacher tumbler near me,,,,30,20,10,5,15,low,low,,,,tumbler,$10-$30,Limited to Google search with no broader platform presence.,,,,,
2026-07-27,teacher tumbler svg,,,,30,20,10,5,15,low,low,,,,digital design,$5-$15,Limited to Google search with no broader platform presence.,,,,,
2026-07-27,teacher tumblers for women,,,,40,30,20,15,25,medium,medium,,,,tumbler,$15-$25,Appears on Amazon indicating some demand among a specific audience.,,,,,
2026-07-27,teacher tumbler with straw,,,,40,30,20,15,25,medium,medium,,,,tumbler,$10-$20,Appears on Amazon indicating some demand among a specific audience.,,,,,
2026-07-27,teacher tumbler bulk,,,,40,30,20,15,25,medium,medium,,,,tumbler,$8-$15,Appears on Amazon indicating some demand for bulk purchases.,,,,,
2026-07-27,teacher tumbler with handle,,,,40,30,20,15,25,medium,medium,,,,tumbler,$15-$30,Appears on Amazon indicating some demand for this specific type.,,,,,
2026-07-27,teacher tumbler gift set,,,,40,30,20,15,25,high,high,,,,gift set,$20-$50,Appears on Amazon indicating demand for gift sets.,,,,,
2026-07-27,teacher tumbler accessories,,,,40,30,20,15,25,medium,medium,,,,accessories,$5-$15,Appears on Amazon indicating some demand for complementary products.,,,,,
2026-07-27,teacher tumbler 40 oz,,,,30,40,20,25,35,none,low,teacher gifts,metal,modern,tumbler,$15-$30,Limited cross-platform presence indicates niche demand.,,,,,
2026-07-27,teacher tumbler gift,,,,35,45,25,30,40,none,medium,gifts for teachers,ceramic,personalized,tumbler,$10-$25,Specific gifting context increases buyer intent.,,,,,
2026-07-29,halloween mug set,,,,60,40,50,50,70,high,purchase,,,,mug set,$20-$40,This keyword indicates a specific product set for a seasonal event.,,,,,
2026-07-29,ghost mirror sliding door,,,,60,40,50,50,70,low,purchase,,,,sliding door mirror,$50-$100,This keyword suggests a unique home decor item with a ghost theme.,,,,,
2026-07-29,teacher tumbler cup,,,,60,40,50,50,70,medium,purchase,,,,tumbler cup,$15-$30,This keyword targets a specific audience of teachers looking for personalized drinkware.,,,,,
2026-07-29,halloween mug,,,,50,30,40,40,60,high,purchase,,,,mug,$10-$25,This is a popular seasonal item for Halloween celebrations.,,,,,
2026-07-29,ghost mirror,,,,50,30,40,40,60,low,purchase,,,,mirror,$30-$70,This keyword suggests a decorative item with a ghost theme.,,,,,
2026-07-29,teacher tumbler,,,,50,30,40,40,60,medium,purchase,,,,tumbler,$10-$25,This keyword targets teachers looking for drinkware.,,,,,
2026-07-29,halloween mugs,,,,40,20,30,30,50,high,purchase,,,,mugs,$10-$25,This keyword indicates a general interest in Halloween-themed mugs.,,,,,
2026-07-29,halloween mugen,,,,40,20,30,30,50,high,purchase,,,,mug,$10-$25,This keyword suggests a niche interest in Halloween-themed items.,,,,,
2026-07-29,halloween mugshots,,,,10,10,5,5,5,low,low,,,,mugs,10-20,Limited cross-platform presence indicates low demand.,,,,,
2026-07-29,halloween mugs tk maxx,,,,10,10,5,5,5,low,low,,,,mugs,10-20,Limited cross-platform presence indicates low demand.,,,,,
2026-07-29,halloween mugs indigo,,,,10,10,5,5,5,low,low,,,,mugs,10-20,Limited cross-platform presence indicates low demand.,,,,,
2026-07-29,halloween mug asda,,,,10,10,5,5,5,low,low,,,,mugs,10-20,Limited cross-platform presence indicates low demand.,,,,,
2026-07-29,halloween mug emma bridgewater,,,,10,10,5,5,5,low,low,,,,mugs,10-20,Limited cross-platform presence indicates low demand.,,,,,
2026-07-29,halloween mugs uk,,,,10,10,5,5,5,low,low,,,,mugs,10-20,Limited cross-platform presence indicates low demand.,,,,,
2026-07-29,halloween mugs near me,,,,10,10,5,5,5,low,low,,,,mugs,10-20,Limited cross-platform presence indicates low demand.,,,,,
2026-07-29,halloween mugs set of 4,,,,30,20,15,15,20,medium,medium,,,,set of mugs,20-40,Appears on Amazon indicating moderate demand and potential sales.,,,,,
2026-07-29,johanna parker halloween mugs,,,,20,30,10,10,15,high,medium,,,,mugs,10-20,Specific brand appeal may attract niche buyers.,,,,,
2026-07-29,halloween mugs coffee,,,,20,30,10,10,15,high,medium,,,,mugs,10-20,Combines seasonal theme with everyday use.,,,,,
2026-07-29,snoopy halloween mug,,,,20,30,10,10,15,high,medium,,,,mugs,10-20,Appeals to fans of the Snoopy character.,,,,,
2026-07-29,vintage halloween mug,,,,20,30,10,10,15,high,medium,,,,mugs,15-25,Vintage items often attract collectors and enthusiasts.,,,,,
2026-07-29,cute halloween mugs,,,,20,30,10,10,15,high,medium,,,,mugs,10-20,Appeals to consumers looking for fun and whimsical designs.,,,,,
2026-07-29,halloween mugs bulk,,,,20,30,10,10,15,high,high,,,,mugs,5-15,Bulk purchases suggest higher buyer intent for events.,,,,,
2026-07-29,halloween mug 20oz,,,,20,30,10,10,15,high,medium,,,,mugs,10-20,Specific size may attract buyers looking for larger mugs.,,,,,
2026-07-29,halloween 1978 mug,,,,20,30,10,10,15,high,medium,,,,mugs,10-20,Nostalgic appeal for fans of the 1978 Halloween movie.,,,,,
2026-07-29,ghost mirror game,,,,10,10,10,10,10,none,low,,,,game-related merchandise,low,Low platform presence indicates limited interest.,,,,,
2026-07-29,ghost mirror martha stewart,,,,10,10,10,10,10,none,low,,,,home decor,medium,Specific brand mention with low search volume.,,,,,
2026-07-29,ghost mirror pottery barn,,,,10,10,10,10,10,none,low,,,,home furnishings,medium,Low platform presence suggests limited demand.,,,,,
2026-07-29,ghost mirror door,,,,10,10,10,10,10,none,low,,,,decorative doors,medium,Limited search volume across platforms.,,,,,
2026-07-29,ghost mirror phasmophobia,,,,10,10,10,10,10,none,low,,,,gaming merchandise,low,Niche gaming reference with low visibility.,,,,,
2026-07-29,ghost mirror horror game,,,,10,10,10,10,10,none,low,,,,horror game merchandise,low,Low interest indicated by minimal platform presence.,,,,,
2026-07-29,ghost mirror movie,,,,10,10,10,10,10,none,low,,,,movie-related merchandise,medium,Specific movie reference with low search activity.,,,,,
2026-07-29,ghost mirror steam,,,,10,10,10,10,10,none,low,,,,gaming accessories,low,Limited visibility across platforms suggests low demand.,,,,,
2026-07-29,ghost mirror marshalls,,,,20,10,15,10,25,low,low,home decor,glass,modern,ghost mirror,$50-$100,Limited platform presence indicates niche interest.,,,,,
2026-07-29,martha stewart ghost mirror,,,,30,25,20,15,35,medium,medium,home decor,glass,traditional,ghost mirror,$50-$150,Brand association with Martha Stewart may attract buyers.,,,,,
2026-07-29,light up ghost mirror,,,,30,20,25,20,40,medium,high,home decor,glass,modern,light up ghost mirror,$60-$120,Illuminated features appeal to a broader audience.,,,,,
2026-07-29,ghost mirror decal,,,,25,15,20,15,30,low,medium,home decor,vinyl,modern,ghost mirror decal,$10-$30,Decals offer a low-cost alternative for decoration.,,,,,
2026-07-29,martha stewart ghost mirror halloween,,,,35,30,25,20,45,high,high,seasonal decor,glass,thematic,halloween ghost mirror,$40-$100,Halloween-themed products have seasonal spikes in demand.,,,,,
2026-07-29,ghost mirror hologram,,,,30,20,25,20,40,medium,medium,home decor,glass,futuristic,hologram ghost mirror,$70-$150,Holographic designs attract tech-savvy consumers.,,,,,
2026-07-29,halloween ghost mirror,,,,40,35,30,25,50,high,high,seasonal decor,glass,thematic,halloween ghost mirror,$50-$120,Strong seasonal interest for Halloween-themed items.,,,,,
2026-07-29,ghost mirror cling,,,,20,15,15,10,25,low,low,home decor,vinyl,modern,ghost mirror cling,$10-$25,Limited appeal as a cling product.,,,,,
2026-07-29,ghost mirror light,,,,30,20,10,15,25,none,low,lighting,plastic,modern,mirror light,$20-$50,Limited cross-platform presence indicates niche demand.,,,,,
2026-07-29,teacher tumbler ideas,,,,40,30,25,20,35,back-to-school,medium,drinkware,stainless steel,personalized,tumbler,$15-$30,High interest in teacher-related products suggests steady demand.,,,,,
2026-07-29,teacher tumbler wrap,,,,40,25,20,15,30,back-to-school,medium,accessories,vinyl,custom,tumbler wrap,$5-$15,Niche product with potential for personalization appeals.,,,,,
2026-07-29,teacher tumbler designs,,,,45,30,25,20,40,back-to-school,medium,drinkware,glass,creative,tumbler,$15-$35,Growing interest in unique designs for teachers indicates demand.,,,,,
2026-07-29,teacher tumbler gift ideas,,,,50,35,30,25,45,holiday,high,gifts,ceramic,personalized,gift tumbler,$10-$25,High search volume for gifts indicates strong buyer intent.,,,,,
2026-07-29,teacher tumbler nearby,,,,20,15,5,10,15,none,low,drinkware,plastic,basic,tumbler,$10-$20,Limited search interest suggests low demand.,,,,,
2026-07-29,teacher tumbler hobby lobby,,,,25,20,10,15,20,none,low,drinkware,ceramic,craft,tumbler,$10-$25,Specific store reference limits broader appeal.,,,,,
2026-07-29,teacher tumbler michaels,,,,25,20,10,15,20,none,low,drinkware,plastic,craft,tumbler,$10-$25,Specific store reference limits broader appeal.,,,,,
2026-07-29,teacher tumbler near me,,,,20,10,15,10,25,low,low,teacher gifts,stainless steel,modern,tumbler,$15-$30,Limited to Google search with low platform presence.,,,,,
2026-07-29,teacher tumbler svg,,,,20,10,15,10,25,low,low,teacher designs,digital,graphic,digital file,$5-$15,Limited to Google search with low platform presence.,,,,,
2026-07-29,teacher tumblers for women,,,,30,40,35,30,20,medium,medium,teacher gifts,plastic,casual,tumbler,$10-$25,Appears on Amazon indicating moderate demand and competition.,,,,,
2026-07-29,teacher tumbler with straw,,,,30,40,35,30,20,medium,medium,teacher gifts,plastic,functional,tumbler,$10-$25,Appears on Amazon indicating moderate demand and competition.,,,,,
2026-07-29,teacher tumbler bulk,,,,30,40,35,30,20,medium,medium,teacher gifts,stainless steel,modern,tumbler,$10-$20 per unit,Appears on Amazon indicating moderate demand and competition.,,,,,
2026-07-29,teacher tumbler with handle,,,,30,40,35,30,20,medium,medium,teacher gifts,plastic,functional,tumbler,$10-$25,Appears on Amazon indicating moderate demand and competition.,,,,,
2026-07-29,teacher tumbler 40 oz,,,,30,40,35,30,20,medium,medium,teacher gifts,stainless steel,modern,tumbler,$15-$30,Appears on Amazon indicating moderate demand and competition.,,,,,
2026-07-29,teacher tumbler gift set,,,,30,40,35,30,20,medium,medium,teacher gifts,various,gift,gift set,$25-$50,Appears on Amazon indicating moderate demand and competition.,,,,,
2026-07-29,teacher tumbler accessories,,,,30,20,25,20,40,low,medium,,,,tumbler accessories,$10-$30,Limited cross-platform presence indicates niche demand.,,,,,
2026-07-29,teacher tumbler plastic,,,,30,20,25,20,40,low,medium,,,,plastic tumblers,$10-$25,Limited cross-platform presence indicates niche demand.,,,,,
2026-07-29,christmas gifts for women,,,,90,80,75,70,85,high,purchase,,,,gift sets,$20-$100,High demand across multiple platforms indicates strong buyer interest.,,,,,
2026-07-29,christmas gifts for men,,,,90,80,75,70,85,high,purchase,,,,gift sets,$20-$100,High demand across multiple platforms indicates strong buyer interest.,,,,,
2026-07-29,christmas in july,,,,70,60,65,60,70,medium,purchase,,,,decorations,$10-$50,Moderate interest for mid-year holiday celebrations.,,,,,
2026-07-29,christmas tree,,,,80,75,70,65,80,high,purchase,,,,artificial trees,$50-$300,"Essential item for Christmas, indicating consistent demand.",,,,,
2026-07-29,christmas story,,,,60,50,55,50,60,medium,engagement,,,,books and merchandise,$10-$40,Cultural significance leads to niche interest.,,,,,
2026-07-29,christmas ornaments,,,,80,70,75,70,80,high,purchase,,,,decorative ornaments,$5-$30,Popular decoration item with consistent demand during the holiday season.,,,,,
2026-07-29,christmas ornament storage,,,,65,55,60,55,65,medium,purchase,,,,storage boxes,$10-$50,"Practical item for post-holiday organization, indicating steady interest.",,,,,
2026-07-29,christmas ornaments set,,,,75,65,70,65,75,high,purchase,,,,ornament sets,$20-$100,"Sets are popular for decorating trees, indicating strong demand.",,,,,
2026-07-29,christmas decorations outdoor,,,,60,40,50,50,55,high,decorative,holiday decorations,decor,festive,outdoor lights,$20-$100,Outdoor decorations are popular during the holiday season.,,,,,
2026-07-29,christmas decorations indoor,,,,65,45,55,60,60,high,decorative,holiday decorations,decor,traditional,ornaments,$10-$50,Indoor decorations are essential for holiday ambiance.,,,,,
2026-07-29,christmas gifts for teen girls,,,,70,50,65,60,65,high,gift,gifts,accessories,trendy,fashion accessories,$15-$75,Teen girls often seek trendy and personalized gifts.,,,,,
2026-07-29,christmas gifts for kids,,,,75,55,70,65,70,high,gift,gifts,toys,fun,toys,$10-$50,Kids' gifts are a major focus during the holiday season.,,,,,
2026-07-29,christmas gifts for girls,,,,72,52,68,63,67,high,gift,gifts,crafts,creative,craft kits,$15-$60,Gifts for girls are diverse and popular during Christmas.,,,,,
2026-07-29,christmas gifts for teens,,,,68,50,66,62,64,high,gift,gifts,electronics,modern,tech gadgets,$20-$100,Teens appreciate unique and trendy gifts during the holidays.,,,,,
2026-07-29,christmas,,,,80,70,75,80,75,very high,holiday,holiday,cards,festive,holiday cards,$5-$30,Christmas is a major holiday with widespread recognition.,,,,,
2026-07-29,christmas decor,,,,78,65,72,77,70,high,decorative,holiday decorations,decor,varied,decorative lights,$15-$100,Christmas decor is essential for creating a festive atmosphere.,,,,,
2026-07-29,christmas ornament,,,,40,30,20,10,50,high,gift,holiday decor,glass,traditional,ornaments,$10-$30,Christmas ornaments are popular seasonal gifts.,,,,,
2026-07-29,christmas gifts,,,,50,40,30,20,60,high,gift,gifts,varied,varied,gift sets,$20-$100,Christmas gifts are a staple during the holiday season.,,,,,
2026-07-29,christmas movies,,,,30,20,10,5,40,medium,entertainment,media,digital,entertainment,movie collections,$5-$25,Christmas movies are a popular holiday tradition.,,,,,
2026-07-29,christmas vacation,,,,25,15,10,5,35,medium,entertainment,media,digital,comedy,DVDs,$10-$30,This classic movie is frequently watched during the holidays.,,,,,
2026-07-29,christmas cactus,,,,20,10,15,5,30,low,decor,plants,live,decor,plants,$15-$50,Christmas cacti are a unique holiday plant option.,,,,,
2026-07-29,christmas vacation cast,,,,15,10,5,5,25,low,information,media,paper,nostalgia,posters,$10-$25,Fans may seek information about the cast of this movie.,,,,,
2026-07-29,christmas 2026,,,,10,5,5,5,20,low,planning,planning,paper,functional,calendars,$5-$20,People may start planning for future Christmas events.,,,,,
2026-07-29,christmas island,,,,5,5,5,5,10,low,travel,travel,paper,informative,travel guides,$15-$40,This keyword may attract those interested in travel destinations.,,,,,
2026-07-29,christmas with the darlings,,,,10,20,15,5,30,high,low,holiday themes,,,holiday decor,mid,Limited cross-platform presence indicates niche interest.,,,,,
2026-07-29,christmas decorations,,,,70,60,50,40,30,high,high,decorations,,,ornaments,low to high,Strong demand on Amazon suggests a popular category.,,,,,
2026-07-29,christmas in july decorations,,,,40,30,35,20,25,medium,medium,seasonal decorations,,,themed decor,low to mid,Seasonal interest indicates potential for themed products.,,,,,
2026-07-29,christmas lights,,,,80,70,60,50,40,high,high,lighting,,,LED lights,low to high,Consistent demand for lighting solutions during holidays.,,,,,
2026-07-29,nightmare before christmas,,,,60,50,45,30,35,medium,medium,themed merchandise,,,apparel,mid,Cult classic status drives consistent interest.,,,,,
2026-07-29,christmas in july shirt,,,,30,25,20,15,20,medium,medium,apparel,,,t-shirt,low to mid,Niche market for themed apparel during summer.,,,,,
2026-07-29,christmas svg,,,,50,40,45,30,50,high,high,digital designs,,,digital downloads,low,Growing interest in digital designs for crafting.,,,,,
2026-07-29,christmas etymology,,,,10,15,5,5,10,low,low,educational,,,books,low,Limited interest in the academic aspect of Christmas.,,,,,
2026-07-29,christian shops,,,,20,10,15,10,25,low,low,,,,religious gifts,$10-$50,Limited presence on major platforms indicates niche interest.,,,,,
2026-07-29,christmas etymologie,,,,15,5,10,5,20,low,very low,,,,educational materials,$5-$20,Highly specialized topic with minimal demand.,,,,,
2026-07-29,christmas story kid,,,,25,15,20,15,30,high,medium,,,,children's books,$10-$30,Appeals to parents looking for holiday-themed children’s products.,,,,,
2026-07-29,christmas cards,,,,40,30,25,20,35,high,high,,,,greeting cards,$2-$10,Strong demand for seasonal greeting cards.,,,,,
2026-07-29,christmas ornaments near me,,,,30,25,20,15,30,high,high,,,,ornaments,$5-$25,Local search indicates strong interest in purchasing ornaments.,,,,,
2026-07-29,christmas ornaments nyc,,,,30,25,20,15,30,high,high,,,,ornaments,$5-$25,Specific location search indicates strong local demand.,,,,,
2026-07-29,christmas ornaments sale,,,,35,30,25,20,35,high,high,,,,ornaments,$5-$20,Sales indicate a strong interest in purchasing ornaments during the season.,,,,,
2026-07-29,christmas ornaments personalized,,,,40,35,30,25,40,high,very high,,,,personalized ornaments,$10-$30,High demand for personalized holiday decorations.,,,,,
2026-07-29,christmas ornament storage box,,,,20,10,15,10,25,high,low,,,,storage box,low,Limited platform presence suggests niche demand.,,,,,
2026-07-29,christmas ornaments to make,,,,20,10,15,10,25,high,medium,,,,DIY ornament kits,medium,Interest in DIY suggests potential for craft kits.,,,,,
2026-07-29,christmas ornament kits,,,,20,10,15,10,25,high,medium,,,,ornament kits,medium,Niche market for kits indicates potential for growth.,,,,,
2026-07-29,vintage christmas ornaments,,,,30,40,35,30,20,high,high,,,,vintage ornaments,high,Strong demand on Amazon indicates a popular niche.,,,,,
2026-07-29,christmas ornaments clearance,,,,30,40,35,30,20,high,high,,,,clearance ornaments,low,Clearance items attract bargain hunters during holidays.,,,,,
2026-07-29,diamond art christmas ornaments,,,,30,40,35,30,20,high,medium,,,,diamond art kits,medium,Emerging trend in crafting suggests potential interest.,,,,,
2026-07-29,clear christmas ornaments balls,,,,30,40,35,30,20,high,medium,,,,clear ornament balls,low,Common item with potential for customization.,,,,,
2026-07-29,personalized christmas ornaments,,,,30,40,35,30,20,high,high,,,,personalized ornaments,medium,High demand for personalized gifts during holidays.,,,,,
2026-07-29,christmas ornaments 2026,,,,30,20,10,15,25,high,low,,,,ornaments,$10-$30,"Specific to a future year, indicating niche demand.",,,,,
2026-07-29,newlywed christmas ornament,,,,40,30,20,25,35,high,high,,,,ornaments,$15-$40,"Targets newlyweds, a specific and meaningful gift.",,,,,
2026-07-29,first christmas ornament,,,,45,35,25,30,40,high,high,,,,ornaments,$10-$25,Popular for new families celebrating their first Christmas.,,,,,
2026-07-29,first christmas married ornament,,,,35,25,15,20,30,high,high,,,,ornaments,$15-$35,Appeals to newly married couples commemorating their first Christmas.,,,,,
2026-07-29,dog christmas ornament,,,,50,40,30,35,45,high,medium,,,,ornaments,$10-$20,Targets pet owners celebrating their pets during the holidays.,,,,,
2026-07-29,first christmas family ornament,,,,40,30,20,25,35,high,high,,,,ornaments,$15-$30,Ideal for families celebrating their first Christmas together.,,,,,
2026-07-29,our first christmas ornament,,,,45,35,25,30,40,high,high,,,,ornaments,$15-$35,Captures the sentiment of shared experiences for couples.,,,,,
2026-07-29,baby first christmas ornament,,,,50,40,30,35,45,high,high,,,,ornaments,$10-$25,Targets new parents celebrating their baby's first Christmas.,,,,,
2026-07-29,christmas decor 2026,,,,20,10,15,10,25,high,low,,,,decor items,varied,"Specific to a future year, indicating niche interest.",,,,,
2026-07-29,christmas decoration ideas,,,,30,20,25,20,35,high,medium,,,,decor guides,low to medium,Focus on ideas suggests potential for DIY and creative products.,,,,,
2026-07-29,christmas decor sale,,,,40,30,35,30,45,high,high,,,,discounted decor,low to medium,Indicates a strong interest in purchasing discounted items.,,,,,
2026-07-29,christmas decor clearance,,,,35,25,30,25,40,high,high,,,,clearance items,low,"Similar to sales, indicating a desire for clearance items.",,,,,
2026-07-29,christmas gifts for women,,,,90,80,70,75,85,high,gift shopping,,,,gift sets,$20-$100,High demand during the holiday season.,,,,,
2026-07-29,christmas gifts for men,,,,90,80,70,75,85,high,gift shopping,,,,gift sets,$20-$100,High demand during the holiday season.,,,,,
2026-07-29,christmas in july,,,,60,50,55,50,65,medium,seasonal shopping,,,,decorations,$10-$50,Growing trend for mid-year holiday celebrations.,,,,,
2026-07-29,christmas tree,,,,80,70,60,65,75,high,decorating,,,,artificial trees,$50-$300,Essential item for Christmas celebrations.,,,,,
2026-07-29,christmas story,,,,50,40,45,40,55,medium,entertainment,,,,books and movies,$10-$30,Nostalgic interest during the holiday season.,,,,,
2026-07-29,christmas ornaments,,,,85,75,70,80,80,high,decorating,,,,various ornaments,$5-$50,Popular item for personalizing Christmas trees.,,,,,
2026-07-29,christmas ornament storage,,,,40,30,35,30,45,medium,organization,,,,storage containers,$15-$40,Useful for maintaining ornaments post-holiday.,,,,,
2026-07-29,christmas ornaments set,,,,75,65,60,70,75,high,decorating,,,,ornament sets,$20-$100,Convenient for buyers looking for coordinated decorations.,,,,,
2026-07-29,christmas decorations outdoor,,,,70,60,50,40,55,high,decorating,,,,outdoor lights,$20-$100,Outdoor decorations are popular during the holiday season.,,,,,
2026-07-29,christmas decorations indoor,,,,75,65,55,45,60,high,decorating,,,,ornaments,$10-$50,Indoor decorations are essential for holiday celebrations.,,,,,
2026-07-29,christmas gifts for teen girls,,,,80,70,60,50,65,high,gift buying,,,,fashion accessories,$15-$75,Teen girls are a significant demographic for holiday gifts.,,,,,
2026-07-29,christmas gifts for kids,,,,85,75,65,55,70,high,gift buying,,,,toys,$10-$100,Kids' gifts are always in high demand during Christmas.,,,,,
2026-07-29,christmas gifts for girls,,,,78,68,58,48,63,high,gift buying,,,,craft kits,$15-$60,Gifts for girls are a popular category during the holidays.,,,,,
2026-07-29,christmas gifts for teens,,,,82,72,62,52,67,high,gift buying,,,,electronics,$20-$200,Teen gifts are a crucial market segment during Christmas.,,,,,
2026-07-29,christmas,,,,90,80,70,60,75,high,general holiday shopping,,,,holiday cards,$5-$50,Christmas is a major holiday with widespread consumer interest.,,,,,
2026-07-29,christmas decor,,,,88,78,68,58,73,high,decorating,,,,decorative lights,$15-$100,Christmas decor is a fundamental part of holiday celebrations.,,,,,
2026-07-29,christmas ornament,,,,30,20,10,15,25,high,purchase,,,,ornaments,$10-$30,This keyword indicates a specific product with seasonal demand.,,,,,
2026-07-29,christmas gifts,,,,40,30,20,25,35,high,purchase,,,,gift sets,$20-$100,This keyword is broad and indicates high seasonal demand for gifts.,,,,,
2026-07-29,christmas movies,,,,20,10,15,10,5,medium,entertainment,,,,movie collections,$10-$50,This keyword suggests interest in holiday-themed entertainment.,,,,,
2026-07-29,christmas vacation,,,,15,5,10,5,10,low,entertainment,,,,movie merchandise,$5-$25,"This keyword relates to a specific movie, indicating niche interest.",,,,,
2026-07-29,christmas cactus,,,,10,5,5,5,5,low,purchase,,,,plants,$15-$50,This keyword indicates interest in a specific plant associated with the holiday.,,,,,
2026-07-29,christmas vacation cast,,,,5,2,3,2,1,low,information,,,,movie memorabilia,$10-$30,This keyword indicates a specific interest in the cast of a movie.,,,,,
2026-07-29,christmas 2026,,,,5,1,2,1,1,low,planning,,,,event planning items,$10-$50,This keyword indicates forward-looking interest in the holiday.,,,,,
2026-07-29,christmas island,,,,5,1,2,1,1,low,travel,,,,travel guides,$10-$30,This keyword suggests interest in a specific location associated with Christmas.,,,,,
2026-07-29,christmas with the darlings,,,,10,10,20,10,15,high,low,holiday themes,,,holiday decor,$$,Limited cross-platform presence indicates niche interest.,,,,,
2026-07-29,christmas decorations,,,,60,50,40,50,55,very high,high,decorations,,,decorative items,$$,Strong demand on Amazon indicates a popular category.,,,,,
2026-07-29,christmas in july decorations,,,,30,25,35,30,40,medium,medium,seasonal themes,,,themed decorations,$$,Seasonal interest suggests a niche market.,,,,,
2026-07-29,christmas lights,,,,70,60,50,60,65,very high,high,lighting,,,lighting,$,High demand for lights during the holiday season.,,,,,
2026-07-29,nightmare before christmas,,,,50,45,40,50,45,high,medium,themed merchandise,,,merchandise,$$,Cult following suggests steady interest year-round.,,,,,
2026-07-29,christmas in july shirt,,,,25,20,30,25,35,medium,medium,apparel,,,apparel,$,Niche market with potential for themed apparel.,,,,,
2026-07-29,christmas svg,,,,40,30,50,40,45,high,medium,digital designs,,,digital downloads,$,Growing interest in digital designs for crafting.,,,,,
2026-07-29,christmas etymology,,,,15,10,20,15,10,low,low,educational,,,educational material,$,Limited interest in etymology suggests niche appeal.,,,,,
2026-07-29,christian shops,,,,20,10,15,10,25,low,low,,,,religious gifts,$10-$50,Limited presence indicates niche interest.,,,,,
2026-07-29,christmas etymologie,,,,15,5,10,5,20,low,low,,,,books or educational materials,$5-$30,Niche educational interest with low competition.,,,,,
2026-07-29,christmas story kid,,,,25,15,20,15,30,high,medium,,,,children's books,$10-$25,Growing interest in children's Christmas stories.,,,,,
2026-07-29,christmas cards,,,,40,30,35,30,50,high,high,,,,greeting cards,$2-$10,Consistent demand during holiday season.,,,,,
2026-07-29,christmas ornaments near me,,,,25,20,20,15,30,high,medium,,,,ornaments,$5-$30,Local search indicates demand for physical ornaments.,,,,,
2026-07-29,christmas ornaments nyc,,,,25,20,20,15,30,high,medium,,,,ornaments,$5-$30,Local interest in ornaments suggests potential sales.,,,,,
2026-07-29,christmas ornaments sale,,,,30,25,25,20,40,high,high,,,,discounted ornaments,$3-$20,Sales indicate strong buyer interest during holidays.,,,,,
2026-07-29,christmas ornaments personalized,,,,35,30,30,25,45,high,high,,,,custom ornaments,$10-$50,High demand for personalized items during holidays.,,,,,
2026-07-29,christmas ornament storage box,,,,20,10,15,10,25,high,low,,,,storage box,$10-$30,Limited presence across platforms suggests niche interest.,,,,,
2026-07-29,christmas ornaments to make,,,,20,10,15,10,25,high,low,,,,DIY ornament kits,$5-$25,Niche DIY interest with limited competition.,,,,,
2026-07-29,christmas ornament kits,,,,20,10,15,10,25,high,low,,,,ornament kits,$10-$30,Specific DIY kits with limited market presence.,,,,,
2026-07-29,vintage christmas ornaments,,,,30,40,35,30,25,high,medium,,,,vintage ornaments,$15-$50,Popular vintage items with moderate competition.,,,,,
2026-07-29,christmas ornaments clearance,,,,30,40,35,30,25,high,medium,,,,discount ornaments,$5-$20,Clearance items attract bargain hunters.,,,,,
2026-07-29,diamond art christmas ornaments,,,,30,40,35,30,25,high,medium,,,,diamond art kits,$15-$40,Growing trend in diamond art crafts.,,,,,
2026-07-29,clear christmas ornaments balls,,,,30,40,35,30,25,high,medium,,,,clear ornament balls,$10-$25,Common crafting supply with moderate demand.,,,,,
2026-07-29,personalized christmas ornaments,,,,30,40,35,30,25,high,high,,,,custom ornaments,$15-$40,High demand for personalized gifts during holidays.,,,,,
2026-07-29,christmas ornaments 2026,,,,30,20,40,20,50,high,gift,,,,ornaments,$10-$30,"Specific to a future holiday season, indicating potential demand.",,,,,
2026-07-29,newlywed christmas ornament,,,,40,30,50,60,70,high,gift,,,,ornaments,$15-$35,"Popular among newlyweds, indicating strong niche demand.",,,,,
2026-07-29,first christmas ornament,,,,50,40,60,70,80,high,gift,,,,ornaments,$10-$25,"Commonly sought after for first-time parents, indicating high demand.",,,,,
2026-07-29,first christmas married ornament,,,,40,30,50,40,60,high,gift,,,,ornaments,$15-$30,"Appeals to newly married couples, indicating a specific market segment.",,,,,
2026-07-29,dog christmas ornament,,,,50,40,60,50,70,high,gift,,,,ornaments,$10-$25,"Pet-themed ornaments are popular among pet owners, indicating strong demand.",,,,,
2026-07-29,first christmas family ornament,,,,50,40,60,70,80,high,gift,,,,ornaments,$15-$30,"Targets families celebrating their first Christmas together, indicating high demand.",,,,,
2026-07-29,our first christmas ornament,,,,50,40,60,70,80,high,gift,,,,ornaments,$15-$30,"Appeals to couples commemorating their first Christmas, indicating strong demand.",,,,,
2026-07-29,baby first christmas ornament,,,,60,50,70,80,90,high,gift,,,,ornaments,$10-$25,Highly sought after by new parents for commemorating a child's first Christmas.,,,,,
2026-07-29,christmas decor 2026,,,,20,10,30,15,25,high,low,,,,decorative items,mid,"Specific to a future year, indicating low immediate demand.",,,,,
2026-07-29,christmas decoration ideas,,,,30,20,40,25,35,high,medium,,,,inspirational guides,low to mid,Interest in ideas suggests potential for DIY and inspiration products.,,,,,
2026-07-29,christmas decor sale,,,,40,30,50,45,60,high,high,,,,discounted decorations,low to mid,Sales indicate a strong buyer intent during the holiday season.,,,,,
2026-07-29,christmas decor clearance,,,,35,25,45,40,55,high,high,,,,clearance items,low,Clearance suggests end-of-season sales with strong buyer interest.,,,,,
2026-07-29,halloween mug set,,,,60,40,50,50,70,high,gift,,,,mug set,$15-$30,Appealing for seasonal gifting during Halloween.,,,,,
2026-07-29,ghost mirror sliding door,,,,55,45,50,50,65,medium,home decor,,,,sliding door mirror,$50-$100,Unique home decor item appealing to fans of ghost motifs.,,,,,
2026-07-29,teacher tumbler cup,,,,65,35,60,55,75,medium,gift,,,,tumbler cup,$10-$25,"Popular gift item for teachers, especially during school events.",,,,,
2026-07-29,halloween mug,,,,50,60,40,45,50,high,gift,,,,mug,$10-$20,Classic Halloween item for festive drinkware.,,,,,
2026-07-29,ghost mirror,,,,45,50,40,45,55,medium,home decor,,,,mirror,$30-$70,Appealing design for spooky-themed home decor.,,,,,
2026-07-29,teacher tumbler,,,,50,55,50,50,60,medium,gift,,,,tumbler,$10-$25,"Ideal for teachers, especially during appreciation events.",,,,,
2026-07-29,halloween mugs,,,,40,50,30,35,45,high,gift,,,,mug,$10-$20,Commonly searched item for Halloween festivities.,,,,,
2026-07-29,halloween mugen,,,,30,25,20,25,35,high,gift,,,,mug,$10-$25,Niche keyword with potential for unique designs.,,,,,
2026-07-29,halloween mugs target,,,,10,10,10,10,10,high,low,,,,mugs,10-20,Limited to Google search with low competition.,,,,,
2026-07-29,halloween mugshots,,,,10,10,10,10,10,high,low,,,,mugs,10-20,Limited to Google search with low competition.,,,,,
2026-07-29,halloween mugen gbf,,,,10,10,10,10,10,high,low,,,,mugs,10-20,Limited to Google search with low competition.,,,,,
2026-07-29,halloween mugs tk maxx,,,,10,10,10,10,10,high,low,,,,mugs,10-20,Limited to Google search with low competition.,,,,,
2026-07-29,halloween mugs indigo,,,,10,10,10,10,10,high,low,,,,mugs,10-20,Limited to Google search with low competition.,,,,,
2026-07-29,halloween mug asda,,,,10,10,10,10,10,high,low,,,,mugs,10-20,Limited to Google search with low competition.,,,,,
2026-07-29,halloween mug emma bridgewater,,,,10,10,10,10,10,high,low,,,,mugs,10-20,Limited to Google search with low competition.,,,,,
2026-07-29,halloween mugs set of 4,,,,30,30,30,30,30,high,medium,,,,set of mugs,20-40,Appears on Amazon indicating higher demand.,,,,,
2026-07-29,johanna parker halloween mugs,,,,20,10,15,10,25,high,medium,brand,ceramic,vintage,mugs,$15-$30,Specific brand appeal with limited competition.,,,,,
2026-07-29,halloween mugs coffee,,,,20,10,15,10,25,high,medium,holiday,ceramic,fun,mugs,$10-$25,General appeal for coffee drinkers during Halloween.,,,,,
2026-07-29,snoopy halloween mug,,,,20,10,15,10,25,high,medium,character,ceramic,cartoon,mugs,$15-$30,Nostalgic character with seasonal relevance.,,,,,
2026-07-29,vintage halloween mug,,,,20,10,15,10,25,high,medium,vintage,ceramic,retro,mugs,$15-$30,Appeals to collectors and vintage enthusiasts.,,,,,
2026-07-29,cute halloween mugs,,,,20,10,15,10,25,high,medium,holiday,ceramic,cute,mugs,$10-$25,Appeals to a broader audience looking for fun designs.,,,,,
2026-07-29,halloween mugs bulk,,,,20,10,15,10,25,high,high,bulk,ceramic,plain,mugs,$5-$15,Targeted towards events and parties.,,,,,
2026-07-29,halloween mug 20oz,,,,20,10,15,10,25,high,medium,size,ceramic,functional,mugs,$10-$25,Specific size appeal for coffee and beverage drinkers.,,,,,
2026-07-29,halloween 1978 mug,,,,20,10,15,10,25,high,medium,movie,ceramic,themed,mugs,$15-$30,Niche appeal for fans of the classic film.,,,,,
2026-07-29,ghost mirror martha stewart,,,,20,10,15,10,25,none,low,home decor,glass,modern,decorative mirror,$50-$150,Limited presence across platforms indicates niche interest.,,,,,
2026-07-29,ghost mirror game,,,,20,10,15,10,25,none,low,gaming,digital,interactive,video game,$10-$30,Niche gaming term with limited cross-platform visibility.,,,,,
2026-07-29,ghost mirror pottery barn,,,,20,10,15,10,25,none,low,home decor,wood and glass,traditional,decorative mirror,$50-$150,Specific brand reference with limited search volume.,,,,,
2026-07-29,ghost mirror door,,,,20,10,15,10,25,none,low,home decor,glass,modern,decorative door mirror,$50-$150,Limited visibility suggests low overall interest.,,,,,
2026-07-29,ghost mirror phasmophobia,,,,20,10,15,10,25,none,low,gaming,digital,interactive,video game merchandise,$10-$30,Specific gaming reference with limited audience.,,,,,
2026-07-29,ghost mirror horror game,,,,20,10,15,10,25,none,low,gaming,digital,interactive,video game,$10-$30,Niche gaming term with limited search volume.,,,,,
2026-07-29,ghost mirror movie,,,,20,10,15,10,25,none,low,movies,digital,horror,movie merchandise,$10-$30,Limited visibility suggests niche interest in horror films.,,,,,
2026-07-29,ghost mirror steam,,,,20,10,15,10,25,none,low,gaming,digital,interactive,video game,$10-$30,Specific platform reference with limited audience.,,,,,
2026-07-29,ghost mirror marshalls,,,,10,20,5,5,15,none,low,home decor,glass,modern,decorative mirror,$50-$100,Limited presence on major platforms indicates niche interest.,,,,,
2026-07-29,martha stewart ghost mirror,,,,20,30,10,10,25,none,medium,home decor,glass,traditional,decorative mirror,$30-$70,Brand association with Martha Stewart may attract specific buyers.,,,,,
2026-07-29,light up ghost mirror,,,,20,25,15,15,30,none,high,lighting,glass,contemporary,illuminated mirror,$40-$90,Lighting features increase appeal for functional decor.,,,,,
2026-07-29,ghost mirror decal,,,,15,20,10,10,20,none,medium,decor,vinyl,playful,wall decal,$10-$30,Decals offer a low-cost alternative for seasonal decor.,,,,,
2026-07-29,martha stewart ghost mirror halloween,,,,15,25,10,10,20,high,medium,seasonal decor,glass,festive,Halloween decor,$20-$50,Seasonal keywords linked to a popular brand can attract buyers.,,,,,
2026-07-29,ghost mirror hologram,,,,15,20,10,10,20,none,medium,home decor,glass,futuristic,decorative mirror,$50-$100,Holographic effects can attract tech-savvy buyers.,,,,,
2026-07-29,halloween ghost mirror,,,,25,30,15,15,35,high,high,seasonal decor,glass,spooky,Halloween mirror,$20-$60,Strong seasonal interest for Halloween-themed decor.,,,,,
2026-07-29,ghost mirror cling,,,,10,15,5,5,10,none,low,decor,vinyl,simple,window cling,$5-$15,Limited interest suggests a niche market.,,,,,
2026-07-29,ghost mirror light,,,,30,70,20,10,40,none,low,,,,mirror light,$20-$50,Limited to Amazon with high competition indicates niche demand.,,,,,
2026-07-29,teacher tumbler ideas,,,,50,50,40,30,60,back to school,medium,,,,tumbler,$15-$30,Appears in Google search indicating interest in teacher-related products.,,,,,
2026-07-29,teacher tumbler wrap,,,,40,60,30,20,50,back to school,medium,,,,tumbler wrap,$5-$15,"Specific to tumbler wraps for teachers, indicating a targeted niche.",,,,,
2026-07-29,teacher tumbler designs,,,,45,55,35,25,55,back to school,medium,,,,tumbler,$10-$25,Interest in various designs suggests a creative market for teachers.,,,,,
2026-07-29,teacher tumbler gift ideas,,,,55,50,45,35,65,holiday,high,,,,gift tumbler,$15-$40,Gift ideas for teachers indicate a strong buyer intent during holidays.,,,,,
2026-07-29,teacher tumbler nearby,,,,20,30,10,5,15,none,low,,,,tumbler,$10-$20,Low demand and competition suggest limited interest in local availability.,,,,,
2026-07-29,teacher tumbler hobby lobby,,,,25,40,15,10,20,none,low,,,,tumbler,$10-$25,Specific to a store indicates limited broader market appeal.,,,,,
2026-07-29,teacher tumbler michaels,,,,25,40,15,10,20,none,low,,,,tumbler,$10-$25,"Similar to Hobby Lobby, indicates a niche market with limited demand.",,,,,
2026-07-29,teacher tumbler near me,,,,20,10,15,10,25,low,low,,,,tumbler,$10-$30,Limited to Google search indicates low purchase intent.,,,,,
2026-07-29,teacher tumbler svg,,,,20,10,15,10,25,low,low,,,,digital file,$1-$5,Low platform presence suggests limited demand for SVG files.,,,,,
2026-07-29,teacher tumblers for women,,,,30,20,25,20,35,medium,medium,,,,tumbler,$15-$25,Presence on Amazon indicates moderate demand among women.,,,,,
2026-07-29,teacher tumbler with straw,,,,30,20,25,20,35,medium,medium,,,,tumbler,$10-$20,Popular feature on Amazon suggests good demand.,,,,,
2026-07-29,teacher tumbler bulk,,,,30,20,25,20,35,medium,high,,,,tumbler,$8-$15,Bulk purchasing indicates strong demand for events or gifts.,,,,,
2026-07-29,teacher tumbler with handle,,,,30,20,25,20,35,medium,medium,,,,tumbler,$15-$30,Handle feature appeals to users looking for convenience.,,,,,
2026-07-29,teacher tumbler 40 oz,,,,30,20,25,20,35,medium,medium,,,,tumbler,$15-$30,Large capacity tumblers are popular for hydration.,,,,,
2026-07-29,teacher tumbler gift set,,,,30,20,25,20,35,high,high,,,,gift set,$25-$50,Gift sets are in demand for special occasions.,,,,,
2026-07-29,teacher tumbler accessories,,,,30,40,20,25,35,none,low,teacher gifts,accessories,functional,tumbler accessories,$10-$30,Limited cross-platform presence indicates niche interest.,,,,,
2026-07-29,teacher tumbler plastic,,,,30,40,20,25,35,none,low,teacher gifts,plastic,simple,plastic tumblers,$5-$20,Limited cross-platform presence indicates niche interest.,,,,,
2026-07-29,halloween mug set,,,,60,40,50,55,65,high,gift,holiday,ceramic,themed,mug set,$20-$40,Halloween-themed products are popular during the fall season.,,,,,
2026-07-29,ghost mirror sliding door,,,,55,45,50,50,60,medium,home decor,home decor,glass,modern,sliding door mirror,$100-$200,Unique home decor items attract buyers looking for novelty.,,,,,
2026-07-29,teacher tumbler cup,,,,65,50,70,60,75,medium,gift,gifts,stainless steel,personalized,tumbler cup,$15-$30,Personalized gifts for teachers are always in demand.,,,,,
2026-07-29,halloween mug,,,,50,60,40,45,55,high,gift,holiday,ceramic,themed,mug,$10-$25,Halloween mugs are a staple for seasonal celebrations.,,,,,
2026-07-29,ghost mirror,,,,50,55,45,50,50,medium,home decor,home decor,glass,themed,mirror,$50-$100,Ghost-themed decor can appeal to a niche market.,,,,,
2026-07-29,teacher tumbler,,,,55,50,60,55,65,medium,gift,gifts,plastic,personalized,tumbler,$10-$25,Tumblers for teachers are popular for personal use and gifts.,,,,,
2026-07-29,halloween mugs,,,,50,50,40,45,50,high,gift,holiday,ceramic,themed,mug,$10-$25,"Similar to Halloween mugs, they cater to seasonal buyers.",,,,,
2026-07-29,halloween mugen,,,,45,40,30,35,40,high,gift,holiday,ceramic,themed,mug,$10-$25,A unique twist on Halloween mugs that may attract niche buyers.,,,,,
2026-07-29,halloween mugs target,,,,10,10,10,10,10,high,low,,,,mugs,10-20,Limited to Google searches with no presence on major retail platforms.,,,,,
2026-07-29,halloween mugshots,,,,10,10,10,10,10,high,low,,,,mugs,10-20,Niche keyword with limited search volume and no retail presence.,,,,,
2026-07-29,halloween mugen gbf,,,,10,10,10,10,10,high,low,,,,mugs,10-20,Very specific search term with no retail presence.,,,,,
2026-07-29,halloween mugs tk maxx,,,,10,10,10,10,10,high,low,,,,mugs,10-20,Limited to Google searches with no presence on major retail platforms.,,,,,
2026-07-29,halloween mugs indigo,,,,10,10,10,10,10,high,low,,,,mugs,10-20,Niche keyword with limited search volume and no retail presence.,,,,,
2026-07-29,halloween mug asda,,,,10,10,10,10,10,high,low,,,,mugs,10-20,Limited to Google searches with no presence on major retail platforms.,,,,,
2026-07-29,halloween mug emma bridgewater,,,,10,10,10,10,10,high,low,,,,mugs,20-30,Very specific search term with no retail presence.,,,,,
2026-07-29,halloween mugs set of 4,,,,30,20,20,20,30,high,medium,,,,set of mugs,30-50,Appears on Amazon indicating some demand for sets of mugs.,,,,,
2026-07-29,johanna parker halloween mugs,,,,20,30,10,15,25,high,medium,halloween,ceramic,vintage,mugs,15-25,Niche design appealing to collectors.,,,,,
2026-07-29,halloween mugs coffee,,,,20,30,10,15,25,high,medium,halloween,ceramic,modern,mugs,10-20,Common product for seasonal coffee drinkers.,,,,,
2026-07-29,snoopy halloween mug,,,,20,30,10,15,25,high,medium,halloween,ceramic,cartoon,mugs,15-25,Appeals to fans of the Snoopy character.,,,,,
2026-07-29,vintage halloween mug,,,,20,30,10,15,25,high,medium,halloween,ceramic,vintage,mugs,20-30,Attracts collectors and vintage enthusiasts.,,,,,
2026-07-29,cute halloween mugs,,,,20,30,10,15,25,high,medium,halloween,ceramic,cute,mugs,10-20,Appeals to a broad audience looking for festive items.,,,,,
2026-07-29,halloween mugs bulk,,,,20,30,10,15,25,high,high,halloween,ceramic,functional,mugs,5-15,Ideal for parties or events during Halloween.,,,,,
2026-07-29,halloween mug 20oz,,,,20,30,10,15,25,high,medium,halloween,ceramic,modern,mugs,10-20,Specific size appealing to coffee drinkers.,,,,,
2026-07-29,halloween 1978 mug,,,,20,30,10,15,25,high,medium,halloween,ceramic,vintage,mugs,15-25,Niche appeal to fans of the 1978 Halloween movie.,,,,,
2026-07-29,ghost mirror martha stewart,,,,10,10,10,10,10,none,low,home decor,glass,modern,decorative mirror,$50-$100,Limited presence across platforms suggests niche interest.,,,,,
2026-07-29,ghost mirror game,,,,10,10,10,10,10,none,low,gaming,paper,thematic,video game merchandise,$20-$40,Niche gaming reference with limited market presence.,,,,,
2026-07-29,ghost mirror pottery barn,,,,10,10,10,10,10,none,low,home decor,wood,rustic,home decor,$50-$150,Specific brand reference indicates limited audience.,,,,,
2026-07-29,ghost mirror door,,,,10,10,10,10,10,none,low,home improvement,wood,modern,interior door,$100-$300,Low visibility across platforms suggests limited demand.,,,,,
2026-07-29,ghost mirror phasmophobia,,,,10,10,10,10,10,none,low,gaming,plastic,thematic,gaming accessories,$15-$30,Specific game reference indicates niche interest.,,,,,
2026-07-29,ghost mirror horror game,,,,10,10,10,10,10,none,low,gaming,paper,thematic,horror game merchandise,$20-$50,Limited visibility suggests low demand for related products.,,,,,
2026-07-29,ghost mirror movie,,,,10,10,10,10,10,none,low,movies,paper,thematic,movie merchandise,$10-$30,Niche reference with limited market presence.,,,,,
2026-07-29,ghost mirror steam,,,,10,10,10,10,10,none,low,gaming,digital,thematic,gaming software,$10-$30,Limited presence suggests niche gaming interest.,,,,,
2026-07-29,ghost mirror marshalls,,,,20,10,15,10,25,none,low,home decor,glass,modern,ghost mirror,medium,Limited cross-platform presence suggests niche interest.,,,,,
2026-07-29,martha stewart ghost mirror,,,,30,20,25,20,35,none,medium,home decor,glass,traditional,ghost mirror,medium,Specific brand association may attract dedicated buyers.,,,,,
2026-07-29,light up ghost mirror,,,,30,25,30,25,40,none,high,home decor,glass,modern,light up ghost mirror,medium to high,Illuminated features may appeal to tech-savvy consumers.,,,,,
2026-07-29,ghost mirror decal,,,,25,15,20,15,30,none,medium,home decor,vinyl,customizable,ghost mirror decal,low to medium,Decals offer a customizable option for decor enthusiasts.,,,,,
2026-07-29,martha stewart ghost mirror halloween,,,,35,30,40,35,45,high,high,seasonal decor,glass,thematic,halloween ghost mirror,medium,Halloween-themed products have seasonal spikes in demand.,,,,,
2026-07-29,ghost mirror hologram,,,,30,20,25,20,35,none,medium,home decor,glass,modern,holographic ghost mirror,medium to high,Holographic features may attract tech enthusiasts.,,,,,
2026-07-29,halloween ghost mirror,,,,40,35,50,45,50,high,high,seasonal decor,glass,thematic,halloween ghost mirror,medium,Strong seasonal interest for Halloween-themed decor.,,,,,
2026-07-29,ghost mirror cling,,,,25,15,20,15,30,none,medium,home decor,vinyl,customizable,ghost mirror cling,low to medium,Clings offer a versatile decorating option.,,,,,
2026-07-29,ghost mirror light,,,,30,20,10,15,25,neutral,low,lighting,LED,modern,mirror light,$20-$50,Limited presence on platforms suggests niche interest.,,,,,
2026-07-29,teacher tumbler ideas,,,,40,30,20,25,35,back-to-school,medium,drinkware,stainless steel,personalized,tumbler,$15-$30,Strong interest in teacher-related products during school seasons.,,,,,
2026-07-29,teacher tumbler wrap,,,,40,25,20,25,30,back-to-school,medium,accessories,vinyl,customizable,tumbler wrap,$5-$15,Interest in customizable wraps for teacher tumblers.,,,,,
2026-07-29,teacher tumbler designs,,,,40,30,20,25,35,back-to-school,medium,drinkware,ceramic,artistic,tumbler,$15-$35,Growing demand for unique designs for teacher tumblers.,,,,,
2026-07-29,teacher tumbler gift ideas,,,,50,30,25,30,40,holiday,high,giftware,glass,elegant,gift tumbler set,$20-$40,"High interest in gifts for teachers, especially during holidays.",,,,,
2026-07-29,teacher tumbler nearby,,,,20,10,5,10,15,neutral,low,drinkware,plastic,basic,tumbler,$10-$20,Limited search interest indicates low demand.,,,,,
2026-07-29,teacher tumbler hobby lobby,,,,25,15,10,15,20,neutral,low,drinkware,ceramic,casual,tumbler,$15-$30,Specific store reference suggests niche interest.,,,,,
2026-07-29,teacher tumbler michaels,,,,25,15,10,15,20,neutral,low,drinkware,glass,basic,tumbler,$15-$30,Specific store reference indicates niche interest.,,,,,
2026-07-29,teacher tumbler near me,,,,20,10,15,10,25,low,low,,,,tumbler,$15-$30,Limited platform presence indicates lower demand.,,,,,
2026-07-29,teacher tumbler svg,,,,20,10,15,10,25,low,low,,,,digital design,$5-$15,Limited platform presence indicates lower demand.,,,,,
2026-07-29,teacher tumblers for women,,,,30,20,25,20,35,medium,medium,,,,tumbler,$10-$25,"Appears on Amazon, indicating some demand among specific audiences.",,,,,
2026-07-29,teacher tumbler with straw,,,,30,20,25,20,35,medium,medium,,,,tumbler,$10-$25,"Appears on Amazon, indicating some demand for functional designs.",,,,,
2026-07-29,teacher tumbler bulk,,,,30,20,25,20,35,medium,high,,,,tumbler,$8-$20 each,Bulk orders suggest strong interest for events or gifts.,,,,,
2026-07-29,teacher tumbler with handle,,,,30,20,25,20,35,medium,medium,,,,tumbler,$10-$25,Functional design appeals to teachers looking for convenience.,,,,,
2026-07-29,teacher tumbler 40 oz,,,,30,20,25,20,35,medium,medium,,,,tumbler,$15-$30,Larger size appeals to teachers who need to stay hydrated.,,,,,
2026-07-29,teacher tumbler gift set,,,,30,20,25,20,35,high,high,,,,gift set,$20-$50,Gift sets are popular during holidays and teacher appreciation events.,,,,,
2026-07-29,teacher tumbler accessories,,,,30,20,25,15,35,year-round,low,teacher gifts,accessories,functional,tumbler accessories,$10-$30,Limited cross-platform presence indicates niche demand.,,,,,
2026-07-29,teacher tumbler plastic,,,,30,20,25,15,35,year-round,low,teacher gifts,plastic,functional,plastic tumblers,$10-$25,Limited cross-platform presence indicates niche demand.,,,,,
2026-07-31,halloween mug set,,,,60,40,50,55,65,high,purchase,,,,mug set,$15-$30,Combines seasonal demand with a popular product type.,,,,,
2026-07-31,ghost mirror sliding door,,,,55,45,50,50,60,medium,purchase,,,,mirror,$50-$100,Unique home decor item with potential for themed interiors.,,,,,
2026-07-31,teacher tumbler cup,,,,65,35,60,55,70,medium,purchase,,,,tumbler cup,$10-$25,"Popular gift item for teachers, especially during back-to-school season.",,,,,
2026-07-31,ghost mirror,,,,50,50,40,45,55,medium,purchase,,,,mirror,$30-$70,Niche product appealing to specific decor styles.,,,,,
2026-07-31,teacher tumbler,,,,60,40,55,50,65,medium,purchase,,,,tumbler,$10-$20,Versatile item with consistent demand for gifts.,,,,,
2026-07-31,halloween mugs,,,,50,50,45,50,55,high,purchase,,,,mug,$10-$20,Seasonal demand for themed mugs.,,,,,
2026-07-31,halloween mugen,,,,40,30,35,40,45,high,purchase,,,,mug,$10-$20,Less common variation with potential niche appeal.,,,,,
2026-07-31,halloween mugs target,,,,45,35,40,45,50,high,purchase,,,,mug,$10-$20,Specific search indicating interest in retail options.,,,,,
2026-07-31,halloween mugshots,,,,10,10,10,10,10,seasonal,low,Halloween,ceramic,funny,mugs,$10-$20,Limited presence across platforms indicates low demand.,,,,,
2026-07-31,halloween mugen gbf,,,,10,10,10,10,10,seasonal,low,Halloween,ceramic,themed,mugs,$10-$20,Limited presence across platforms indicates low demand.,,,,,
2026-07-31,halloween mugs tk maxx,,,,10,10,10,10,10,seasonal,low,Halloween,ceramic,retail,mugs,$10-$20,Limited presence across platforms indicates low demand.,,,,,
2026-07-31,halloween mugs indigo,,,,10,10,10,10,10,seasonal,low,Halloween,ceramic,retail,mugs,$10-$20,Limited presence across platforms indicates low demand.,,,,,
2026-07-31,halloween mug asda,,,,10,10,10,10,10,seasonal,low,Halloween,ceramic,retail,mugs,$10-$20,Limited presence across platforms indicates low demand.,,,,,
2026-07-31,halloween mug emma bridgewater,,,,10,10,10,10,10,seasonal,low,Halloween,ceramic,designer,mugs,$10-$20,Limited presence across platforms indicates low demand.,,,,,
2026-07-31,halloween mugs set of 4,,,,30,20,30,30,30,seasonal,medium,Halloween,ceramic,set,mugs,$30-$50,Presence on Amazon indicates moderate demand.,,,,,
2026-07-31,johanna parker halloween mugs,,,,30,20,30,30,30,seasonal,medium,Halloween,ceramic,designer,mugs,$20-$40,Presence on Amazon indicates moderate demand.,,,,,
2026-07-31,halloween mugs coffee,,,,30,70,20,10,40,high,medium,,,,mugs,$10-$20,"Specific to Halloween, but limited to Amazon.",,,,,
2026-07-31,vintage halloween mug,,,,30,70,20,10,40,high,medium,,,,mugs,$15-$25,Appeals to collectors but limited to Amazon.,,,,,
2026-07-31,snoopy halloween mug,,,,30,70,20,10,40,high,medium,,,,mugs,$10-$20,"Niche character mug, limited to Amazon.",,,,,
2026-07-31,halloween mugs bulk,,,,30,70,20,10,40,high,high,,,,mugs,$5-$15 each,"Bulk purchase indicates strong buyer intent, limited to Amazon.",,,,,
2026-07-31,halloween mug holder,,,,30,70,20,10,40,high,medium,,,,mug holder,$15-$30,"Accessory for mugs, limited to Amazon.",,,,,
2026-07-31,halloween mugs set of 2,,,,30,70,20,10,40,high,medium,,,,mugs,$20-$35,"Appeals to couples or families, limited to Amazon.",,,,,
2026-07-31,halloween mug tree,,,,30,70,20,10,40,high,medium,,,,mug tree,$25-$50,"Unique display option for mugs, limited to Amazon.",,,,,
2026-07-31,halloween 1978 mug,,,,30,70,20,10,40,high,medium,,,,mugs,$15-$30,"Niche vintage appeal, limited to Etsy.",,,,,
2026-07-31,ghost mirror game,,,,10,10,10,10,10,none,low,games,digital,horror,game,low,Limited presence across platforms indicates low demand.,,,,,
2026-07-31,ghost mirror martha stewart,,,,10,10,10,10,10,none,low,home decor,glass,modern,decor,medium,Specific brand mention suggests niche interest.,,,,,
2026-07-31,ghost mirror pottery barn,,,,10,10,10,10,10,none,low,home decor,wood/glass,traditional,home decor,medium,Limited visibility suggests low demand for this specific product.,,,,,
2026-07-31,ghost mirror door,,,,10,10,10,10,10,none,low,home decor,wood/glass,modern,door decor,medium,Low platform presence indicates minimal search interest.,,,,,
2026-07-31,ghost mirror phasmophobia,,,,10,10,10,10,10,none,low,games,digital,horror,game,low,Niche gaming reference suggests limited audience.,,,,,
2026-07-31,ghost mirror horror game,,,,10,10,10,10,10,none,low,games,digital,horror,game,low,Low visibility across platforms indicates limited demand.,,,,,
2026-07-31,ghost mirror movie,,,,10,10,10,10,10,none,low,movies,digital,horror,movie,low,Limited search presence suggests low interest in this title.,,,,,
2026-07-31,ghost mirror steam,,,,10,10,10,10,10,none,low,games,digital,horror,game,low,Low platform presence indicates minimal search interest.,,,,,
2026-07-31,ghost mirror marshalls,,,,20,10,15,10,25,low,low,,,,ghost mirror,20-50,Limited presence on major platforms suggests niche interest.,,,,,
2026-07-31,martha stewart ghost mirror,,,,30,20,25,15,35,low,medium,,,,ghost mirror,30-70,Brand association may drive interest but limited platform presence.,,,,,
2026-07-31,light up ghost mirror,,,,30,25,30,20,40,medium,high,,,,light up mirror,40-100,Illuminated mirrors are popular for decor and functionality.,,,,,
2026-07-31,ghost mirror decal,,,,25,15,20,10,30,low,medium,,,,decal,10-30,Decals offer a low-cost option for ghost mirror themes.,,,,,
2026-07-31,martha stewart ghost mirror halloween,,,,35,30,40,25,45,high,high,,,,Halloween ghost mirror,30-80,Halloween-themed products have seasonal spikes in demand.,,,,,
2026-07-31,ghost mirror hologram,,,,20,15,25,15,30,medium,medium,,,,hologram mirror,50-100,Holographic effects can attract interest but are niche.,,,,,
2026-07-31,halloween ghost mirror,,,,40,35,45,30,50,high,high,,,,Halloween ghost mirror,30-80,Strong seasonal demand for Halloween-themed items.,,,,,
2026-07-31,ghost mirror cling,,,,20,10,15,10,25,low,low,,,,cling,10-25,Limited appeal suggests a niche market.,,,,,
2026-07-31,ghost mirror light,,,,30,70,20,10,40,none,low,lighting,plastic,modern,mirror light,$20-$50,Limited cross-platform presence indicates niche interest.,,,,,
2026-07-31,teacher tumbler ideas,,,,60,50,70,50,80,back-to-school,high,drinkware,stainless steel,personalized,tumbler,$15-$30,Strong interest in teacher-related products suggests high demand.,,,,,
2026-07-31,teacher tumbler wrap,,,,50,60,50,40,70,back-to-school,medium,accessories,vinyl,custom,tumbler wrap,$5-$15,Interest in tumbler wraps indicates potential for custom designs.,,,,,
2026-07-31,teacher tumbler designs,,,,55,55,60,50,75,back-to-school,high,drinkware,ceramic,graphic,tumbler,$10-$25,High interest in unique designs for teachers suggests strong market potential.,,,,,
2026-07-31,teacher tumbler gift ideas,,,,65,50,70,60,80,holiday,very high,gifts,glass,personalized,gift tumbler,$15-$35,"Gift ideas for teachers are consistently sought after, especially during holidays.",,,,,
2026-07-31,teacher tumbler nearby,,,,20,30,10,5,15,none,low,drinkware,plastic,basic,tumbler,$10-$20,Limited interest suggests a very niche market.,,,,,
2026-07-31,teacher tumbler hobby lobby,,,,25,40,15,10,20,none,low,drinkware,ceramic,craft,tumbler,$10-$25,Specific store mention indicates limited broader appeal.,,,,,
2026-07-31,teacher tumbler michaels,,,,25,40,15,10,20,none,low,drinkware,plastic,craft,tumbler,$10-$25,Specific store mention indicates limited broader appeal.,,,,,
2026-07-31,teacher tumbler near me,,,,30,10,20,15,25,low,low,,,,tumbler,$15-$30,Limited to Google search with low cross-platform presence.,,,,,
2026-07-31,teacher tumbler svg,,,,30,10,20,15,25,low,low,,,,digital file,$5-$15,Limited to Google search with low cross-platform presence.,,,,,
2026-07-31,teacher tumblers for women,,,,40,30,35,25,30,medium,medium,,,,tumbler,$10-$25,Appears on Amazon indicating moderate demand for this specific audience.,,,,,
2026-07-31,teacher tumbler with straw,,,,40,30,35,25,30,medium,medium,,,,tumbler,$10-$20,Appears on Amazon indicating moderate demand for functional designs.,,,,,
2026-07-31,teacher tumbler bulk,,,,40,30,35,25,30,medium,high,,,,bulk tumblers,$8-$15 per unit,"Appears on Amazon indicating demand for bulk purchases, likely for events.",,,,,
2026-07-31,teacher tumbler with handle,,,,40,30,35,25,30,medium,medium,,,,tumbler,$15-$30,Appears on Amazon indicating demand for ergonomic designs.,,,,,
2026-07-31,teacher tumbler 40 oz,,,,40,30,35,25,30,medium,medium,,,,tumbler,$15-$25,Appears on Amazon indicating demand for larger capacity tumblers.,,,,,
2026-07-31,teacher tumbler gift set,,,,40,30,35,25,30,high,high,,,,gift set,$25-$50,"Appears on Amazon indicating demand for gift sets, especially around holidays.",,,,,
2026-07-31,teacher tumbler accessories,,,,30,70,20,10,40,year-round,low,teacher gifts,accessories,functional,tumbler accessories,$10-$30,Limited presence indicates niche demand with high competition.,,,,,
2026-07-31,teacher tumbler gift,,,,30,70,20,10,40,year-round,medium,teacher gifts,gift items,personalized,tumbler gift,$15-$35,"Similar to accessories, indicating a specific niche with high competition.",,,,,
2026-07-31,halloween mug,,,,10,50,5,0,20,seasonal,low,seasonal items,ceramic,themed,themed mug,$10-$25,No current presence suggests low demand and high seasonality.,,,,,
2026-07-31,christmas gifts for women,,,,90,80,70,75,85,high,high,,,,gift sets,$20-$100,Strong demand across multiple platforms indicates a popular gift category.,,,,,
2026-07-31,christmas gifts for men,,,,90,80,70,75,85,high,high,,,,grooming kits,$20-$100,Strong demand across multiple platforms indicates a popular gift category.,,,,,
2026-07-31,christmas tree,,,,80,70,60,65,75,high,medium,,,,artificial trees,$50-$300,Popular seasonal item with consistent demand.,,,,,
2026-07-31,christmas in july,,,,70,60,50,55,65,medium,medium,,,,themed decorations,$10-$50,Niche market for summer holiday celebrations.,,,,,
2026-07-31,christmas story,,,,70,50,40,45,55,medium,medium,,,,movie merchandise,$15-$75,Interest in themed products related to the classic film.,,,,,
2026-07-31,christmas ornaments,,,,80,70,60,65,75,high,high,,,,personalized ornaments,$5-$30,Essential holiday decor item with consistent demand.,,,,,
2026-07-31,christmas gifts for teen girls,,,,80,70,60,65,75,high,high,,,,trendy accessories,$10-$50,Targeted gift category with strong demand.,,,,,
2026-07-31,christmas gifts for kids,,,,80,70,60,65,75,high,high,,,,toys and games,$10-$100,Consistently popular gift category for parents.,,,,,
2026-07-31,christmas gifts for girls,,,,70,60,50,40,65,high,gift shopping,,,,toys or accessories,$20-$50,"This keyword targets a specific audience looking for gifts, indicating strong buyer intent.",,,,,
2026-07-31,christmas ornament storage,,,,65,55,45,40,60,medium,organization,,,,storage boxes or containers,$15-$30,"This keyword addresses a practical need for storing ornaments, suggesting a niche market.",,,,,
2026-07-31,christmas ornaments set,,,,70,60,50,40,65,high,decorating,,,,ornament sets,$25-$75,"This keyword appeals to customers looking to buy multiple ornaments, indicating strong demand.",,,,,
2026-07-31,christmas decorations outdoor,,,,75,65,55,50,70,high,decorating,,,,outdoor lights or inflatables,$30-$100,"This keyword targets customers looking to enhance outdoor spaces for the holidays, indicating high demand.",,,,,
2026-07-31,christmas decorations indoor,,,,75,65,55,50,70,high,decorating,,,,indoor decor items,$20-$80,"This keyword focuses on indoor decorations, appealing to a broad audience during the holiday season.",,,,,
2026-07-31,christmas decorations clearance,,,,60,50,40,30,55,high,bargain hunting,,,,discounted decor,$10-$40,"This keyword targets cost-conscious consumers looking for deals on decorations, indicating a specific buyer intent.",,,,,
2026-07-31,christmas,,,,80,90,70,60,50,very high,holiday shopping,,,,various holiday items,$10-$100,"This broad keyword encompasses a wide range of holiday-related products, indicating very high demand.",,,,,
2026-07-31,christmas decorations,,,,80,90,70,60,50,very high,holiday decorating,,,,various decor items,$10-$100,"This keyword targets a broad audience looking for decorations, indicating very high demand.",,,,,
2026-07-31,christmas gifts,,,,40,30,20,10,25,high,purchase,,,,gift sets,$20-$100,High demand during the holiday season.,,,,,
2026-07-31,christmas ornament,,,,40,30,20,10,25,high,purchase,,,,personalized ornaments,$10-$50,Popular item for holiday decorations.,,,,,
2026-07-31,christmas cactus,,,,30,20,15,5,10,medium,interest,,,,live plants,$15-$30,Niche interest in unique holiday plants.,,,,,
2026-07-31,christmas vacation,,,,30,20,15,5,10,medium,interest,,,,movie merchandise,$10-$40,Interest in holiday-themed entertainment.,,,,,
2026-07-31,christmas movies,,,,30,20,15,5,10,medium,interest,,,,movie bundles,$10-$50,Consistent interest in holiday films.,,,,,
2026-07-31,christmas vacation cast,,,,20,15,10,5,5,low,interest,,,,movie memorabilia,$5-$25,Specific interest in movie details.,,,,,
2026-07-31,christmas island,,,,20,15,10,5,5,low,interest,,,,travel guides,$10-$30,Low demand for geographic references.,,,,,
2026-07-31,christmas 2026,,,,15,10,5,5,5,low,interest,,,,future-themed products,$10-$50,Future-oriented keyword with low current demand.,,,,,
2026-07-31,christmas fern,,,,10,10,10,10,10,low,informational,,,,decorative plants,$10-$30,Limited presence on platforms suggests low demand.,,,,,
2026-07-31,christmas in july decorations,,,,30,20,20,20,30,seasonal,purchase,,,,themed decorations,$15-$50,"Specific to a niche holiday, indicating moderate interest.",,,,,
2026-07-31,christmas lights,,,,40,30,30,30,40,high,purchase,,,,LED lights,$20-$100,Widely searched for during the holiday season.,,,,,
2026-07-31,christmas decor,,,,50,40,40,40,50,high,purchase,,,,ornaments and garlands,$10-$100,Broad appeal with high search volume during holidays.,,,,,
2026-07-31,nightmare before christmas,,,,40,30,30,30,40,seasonal,purchase,,,,themed merchandise,$15-$75,"Cult classic with a dedicated fanbase, especially around holidays.",,,,,
2026-07-31,christmas tree storage bag,,,,30,20,20,20,30,high,purchase,,,,storage solutions,$20-$50,Practical item with specific seasonal demand.,,,,,
2026-07-31,christmas svg,,,,20,20,20,20,20,seasonal,purchase,,,,digital downloads,$5-$15,Niche market for digital designs with moderate interest.,,,,,
2026-07-31,christmas etymology,,,,10,10,10,10,10,low,informational,,,,books or articles,$10-$30,Limited interest suggests low demand for educational content.,,,,,
2026-07-31,christian,,,,20,10,15,5,25,low,low,,,,decor,$20-$50,Limited presence on major platforms indicates niche interest.,,,,,
2026-07-31,christian shops,,,,15,10,10,5,20,low,low,,,,gifts,$10-$30,Niche keyword with limited visibility suggests low competition.,,,,,
2026-07-31,christmas etymologie,,,,10,5,5,5,15,low,very low,,,,books,$5-$15,Highly niche keyword with minimal demand.,,,,,
2026-07-31,christmas story kid,,,,25,15,20,10,30,high,medium,,,,books,$10-$25,Appeals to parents looking for children's Christmas stories.,,,,,
2026-07-31,christmas gifts 2026,,,,30,20,25,15,35,high,high,,,,gifts,$20-$100,Future-oriented keyword indicating planning for Christmas gifts.,,,,,
2026-07-31,christmas gifts for mom,,,,40,30,35,20,50,high,high,,,,jewelry,$30-$150,Popular search for personalized gifts for mothers during holidays.,,,,,
2026-07-31,christmas gifts for coworkers,,,,35,25,30,15,45,high,medium,,,,gift sets,$10-$50,Common search for workplace gift ideas during the holiday season.,,,,,
2026-07-31,christmas gifts for teens,,,,30,20,25,15,40,high,medium,,,,gadgets,$20-$100,Targeted search for gifts appealing to a younger demographic.,,,,,
2026-07-31,christmas gifts ideas,,,,20,10,15,10,25,high,low,,,,gift guides,varied,This keyword has low competition but is primarily searched on Google.,,,,,
2026-07-31,nightmare before christmas gifts,,,,30,40,25,20,35,medium,high,,,,themed merchandise,$10-$50,This keyword has a specific fan base and is popular on Amazon.,,,,,
2026-07-31,toddler christmas gifts,,,,30,35,30,25,40,high,high,,,,toys and educational items,$10-$100,This keyword targets a specific audience looking for gifts for toddlers.,,,,,
2026-07-31,baby christmas gifts,,,,30,30,30,25,40,high,high,,,,baby toys and clothes,$10-$80,"This keyword is focused on gifts for babies, appealing to new parents.",,,,,
2026-07-31,bulk christmas gifts,,,,25,20,20,15,30,medium,medium,,,,bulk gift sets,$5-$50 per item,This keyword targets those looking to purchase gifts in larger quantities.,,,,,
2026-07-31,christmas gifts for her,,,,40,50,45,40,50,high,high,,,,jewelry and accessories,$10-$200,This keyword has a strong demand for gifts targeted at women.,,,,,
2026-07-31,christmas gifts for couples,,,,35,45,40,35,45,high,high,,,,couple gifts and experiences,$20-$150,This keyword appeals to couples looking for gifts to share.,,,,,
2026-07-31,christmas gifts for wife,,,,40,50,45,40,50,high,high,,,,personalized gifts and jewelry,$20-$300,"This keyword is specifically targeted at gifts for wives, indicating strong buyer intent.",,,,,
2026-07-31,teacher christmas gifts,,,,20,30,10,15,25,high,gift shopping,,,,gifts,low to mid,Niche market for teacher gifts during Christmas.,,,,,
2026-07-31,christmas ornaments near me,,,,30,40,20,25,35,high,local shopping,,,,ornaments,varied,Local search indicates immediate purchase intent.,,,,,
2026-07-31,christmas ornaments nyc,,,,25,35,15,20,30,high,local shopping,,,,ornaments,varied,"Specific to NYC, indicating a targeted local market.",,,,,
2026-07-31,christmas ornaments sale,,,,35,45,25,30,40,high,bargain hunting,,,,ornaments,low to mid,"Indicates a focus on discounts, appealing to budget-conscious shoppers.",,,,,
2026-07-31,christmas ornaments personalized,,,,40,50,30,35,45,high,gift shopping,,,,ornaments,mid to high,High personalization appeal for unique gifts.,,,,,
2026-07-31,christmas ornament storage box,,,,15,25,10,15,20,medium,organization,,,,storage box,low to mid,"Niche product for ornament storage, lower demand.",,,,,
2026-07-31,christmas ornaments to make,,,,30,35,20,25,30,high,DIY enthusiasts,,,,DIY kits,low to mid,Appeals to the crafting community during the holiday season.,,,,,
2026-07-31,christmas ornament kits,,,,20,30,15,20,25,high,crafting,,,,kits,low to mid,Targets DIY market with specific kits for ornament making.,,,,,
2026-07-31,vintage christmas ornaments,,,,30,20,10,15,25,high,decorative,Christmas,glass,vintage,ornaments,$10-$30,This keyword targets a niche market for vintage-style decorations.,,,,,
2026-07-31,christmas ornaments clearance,,,,25,15,5,10,20,high,bargain,Christmas,varied,clearance,ornaments,$5-$15,This keyword indicates a focus on discounted holiday items.,,,,,
2026-07-31,diamond art christmas ornaments,,,,20,10,15,20,30,medium,crafting,Christmas,acrylic,craft,ornaments,$15-$40,This keyword appeals to a growing trend in DIY and crafting.,,,,,
2026-07-31,clear christmas ornaments balls,,,,35,25,20,15,30,high,decorative,Christmas,plastic,modern,ornaments,$10-$25,This keyword targets a popular style for modern Christmas decor.,,,,,
2026-07-31,christmas gifts for women,,,,90,80,70,75,85,high,high,,,,gift sets,$20-$100,This keyword targets a specific audience during the holiday season.,,,,,
2026-07-31,christmas gifts for men,,,,90,80,70,75,85,high,high,,,,grooming kits,$20-$100,This keyword targets a specific audience during the holiday season.,,,,,
2026-07-31,christmas tree,,,,75,70,60,65,70,high,medium,,,,artificial trees,$50-$300,A fundamental decoration item during the Christmas season.,,,,,
2026-07-31,christmas in july,,,,65,50,55,60,65,medium,medium,,,,themed decorations,$10-$50,This keyword captures the unique mid-year celebration of Christmas.,,,,,
2026-07-31,christmas story,,,,70,60,50,55,60,medium,medium,,,,movie merchandise,$15-$75,"This keyword relates to a popular holiday movie, appealing to fans.",,,,,
2026-07-31,christmas ornaments,,,,80,75,70,75,80,high,high,,,,custom ornaments,$5-$30,Ornaments are essential for decorating Christmas trees.,,,,,
2026-07-31,christmas gifts for teen girls,,,,85,75,70,75,80,high,high,,,,trendy accessories,$15-$60,This keyword targets a specific demographic during the holiday season.,,,,,
2026-07-31,christmas gifts for kids,,,,90,80,75,80,85,high,high,,,,toys and games,$10-$100,This keyword targets a significant market segment during the holiday season.,,,,,
2026-07-31,christmas gifts for girls,,,,70,60,50,40,65,high,gift shopping,,,,toys and accessories,20-50,This keyword targets a specific audience during the holiday season.,,,,,
2026-07-31,christmas ornament storage,,,,65,55,45,50,60,medium,organization,,,,storage boxes,15-30,This keyword addresses a practical need for holiday decoration storage.,,,,,
2026-07-31,christmas ornaments set,,,,70,65,55,50,70,high,decorating,,,,ornament sets,25-60,Sets of ornaments are popular for holiday decorating.,,,,,
2026-07-31,christmas decorations outdoor,,,,75,70,60,55,75,high,decorating,,,,outdoor lights and inflatables,30-100,Outdoor decorations are essential for festive curb appeal.,,,,,
2026-07-31,christmas decorations indoor,,,,75,70,60,55,75,high,decorating,,,,indoor decor items,20-80,Indoor decorations enhance the festive atmosphere of homes.,,,,,
2026-07-31,christmas decorations clearance,,,,60,50,40,45,55,medium,bargain hunting,,,,discounted decorations,10-30,Clearance items attract budget-conscious shoppers post-holiday.,,,,,
2026-07-31,christmas,,,,80,90,70,60,50,very high,general holiday shopping,,,,various holiday items,varied,A broad keyword with high search volume during the holiday season.,,,,,
2026-07-31,christmas decorations,,,,80,90,70,60,50,very high,general holiday decorating,,,,various decorations,varied,A highly searched term for holiday decorating needs.,,,,,
2026-07-31,christmas gifts,,,,30,20,10,15,25,high,purchase,,,,gift items,varied,This keyword indicates a clear intent for holiday shopping.,,,,,
2026-07-31,christmas ornament,,,,30,20,10,15,25,high,purchase,,,,ornaments,varied,Ornaments are a popular decoration item during the Christmas season.,,,,,
2026-07-31,christmas cactus,,,,20,10,15,10,20,medium,interest,,,,plants,low to medium,This keyword suggests a niche interest in a specific plant associated with Christmas.,,,,,
2026-07-31,christmas vacation,,,,20,10,15,10,20,medium,interest,,,,travel packages,varied,This keyword indicates interest in holiday travel.,,,,,
2026-07-31,christmas movies,,,,20,10,15,10,20,medium,interest,,,,movie collections,varied,This keyword suggests a cultural interest in holiday films.,,,,,
2026-07-31,christmas vacation cast,,,,15,5,10,5,15,low,research,,,,movie merchandise,varied,This keyword indicates a specific interest in a movie's cast.,,,,,
2026-07-31,christmas island,,,,15,5,10,5,15,low,research,,,,travel guides,low to medium,This keyword suggests interest in a geographical location.,,,,,
2026-07-31,christmas 2026,,,,10,5,5,5,10,low,interest,,,,event planning materials,varied,This keyword indicates future planning for the holiday.,,,,,
2026-07-31,christmas fern,,,,10,10,10,10,10,low,informational,plants,natural,botanical,decorative plants,low,Low demand and competition indicate niche interest.,,,,,
2026-07-31,christmas in july decorations,,,,20,30,20,20,15,seasonal,purchase,decorations,varied,festive,decorations,medium,Specific seasonal interest with moderate competition.,,,,,
2026-07-31,christmas lights,,,,30,40,30,30,25,high,purchase,lighting,electric,festive,lighting,medium,High demand during the holiday season with significant competition.,,,,,
2026-07-31,christmas decor,,,,40,50,40,40,35,high,purchase,decorations,varied,festive,decorations,medium,Broad appeal with high demand during the holiday season.,,,,,
2026-07-31,nightmare before christmas,,,,25,35,25,25,20,medium,purchase,merchandise,varied,thematic,merchandise,medium,Cult classic with moderate demand and competition.,,,,,
2026-07-31,christmas tree storage bag,,,,20,30,20,20,15,medium,purchase,storage,fabric,functional,storage solutions,medium,Practical item with specific seasonal use and moderate competition.,,,,,
2026-07-31,christmas svg,,,,15,25,15,15,10,low,purchase,digital products,digital,graphic,digital downloads,low,Niche digital product with low demand and competition.,,,,,
2026-07-31,christmas etymology,,,,5,5,5,5,5,low,informational,educational,digital,informational,educational content,low,"Very low demand and competition, mainly for educational purposes.",,,,,
2026-07-31,christian,,,,20,10,15,10,30,low,low,religious decor,wood,traditional,decor,20-50,Limited presence on platforms indicates niche interest.,,,,,
2026-07-31,christian shops,,,,20,10,15,10,30,low,low,gift shops,varied,eclectic,gift items,10-100,Niche keyword with limited competition suggests potential.,,,,,
2026-07-31,christmas etymologie,,,,10,5,10,5,20,low,very low,educational,paper,informative,books,15-30,Very niche keyword with minimal search interest.,,,,,
2026-07-31,christmas story kid,,,,30,20,25,20,40,high,medium,children's books,paper,whimsical,storybooks,10-25,Appealing to parents indicates a good opportunity for products.,,,,,
2026-07-31,christmas gifts 2026,,,,40,30,35,50,60,high,high,gifts,varied,modern,gift sets,20-100,High demand for future-focused gift ideas indicates strong interest.,,,,,
2026-07-31,christmas gifts for mom,,,,50,40,45,50,70,high,high,gifts for mom,silver,elegant,jewelry,30-150,Consistent demand for gifts for moms suggests a lucrative market.,,,,,
2026-07-31,christmas gifts for coworkers,,,,40,30,35,40,60,high,medium,office gifts,varied,professional,office supplies,10-50,Increasing trend in workplace gifting indicates a viable market.,,,,,
2026-07-31,christmas gifts for teens,,,,50,40,45,50,70,high,high,gifts for teens,electronic,trendy,tech gadgets,20-200,High demand for gifts targeting teens suggests strong potential.,,,,,
2026-07-31,christmas gifts ideas,,,,20,10,15,10,25,high,low,,,,gift guides,free,This keyword has low competition but is only present on Google.,,,,,
2026-07-31,nightmare before christmas gifts,,,,30,40,25,20,35,medium,high,,,,themed merchandise,varied,"This keyword is popular on Amazon, indicating strong buyer intent.",,,,,
2026-07-31,toddler christmas gifts,,,,30,35,20,15,30,high,high,,,,toys and educational items,varied,"This keyword is focused on a specific audience, indicating strong demand.",,,,,
2026-07-31,baby christmas gifts,,,,30,30,20,15,30,high,high,,,,baby toys and clothing,varied,"This keyword targets a specific demographic, indicating strong interest.",,,,,
2026-07-31,bulk christmas gifts,,,,25,30,20,15,25,medium,medium,,,,bulk gift sets,varied,"This keyword suggests potential for bulk purchasing, appealing to businesses.",,,,,
2026-07-31,christmas gifts for her,,,,40,50,30,25,40,high,high,,,,jewelry and accessories,varied,"This keyword has a strong presence on Etsy, indicating high buyer intent.",,,,,
2026-07-31,christmas gifts for couples,,,,35,45,30,25,35,high,high,,,,couples' experiences or gifts,varied,"This keyword targets couples, indicating a specific and engaged audience.",,,,,
2026-07-31,christmas gifts for wife,,,,40,50,30,25,40,high,high,,,,personalized gifts and experiences,varied,"This keyword is specific to wives, indicating a targeted market with strong intent.",,,,,
2026-07-31,teacher christmas gifts,,,,30,20,25,20,40,high,gift,,,,gifts,$20-$50,Niche market for personalized gifts for teachers during the holiday season.,,,,,
2026-07-31,christmas ornaments near me,,,,40,30,20,15,35,high,local purchase,,,,ornaments,$5-$30,Indicates a desire for local shopping options for ornaments during the holiday season.,,,,,
2026-07-31,christmas ornaments nyc,,,,35,25,20,15,30,high,local purchase,,,,ornaments,$5-$30,Targets consumers looking for ornaments specifically in New York City.,,,,,
2026-07-31,christmas ornaments sale,,,,50,40,30,25,50,high,bargain,,,,ornaments,$5-$25,High demand for discounted ornaments during the holiday shopping season.,,,,,
2026-07-31,christmas ornaments personalized,,,,60,50,40,35,70,high,gift,,,,ornaments,$15-$40,Strong interest in personalized ornaments as unique gifts during the holidays.,,,,,
2026-07-31,christmas ornament storage box,,,,25,20,15,10,20,medium,utility,,,,storage box,$10-$30,Practical item for consumers looking to store ornaments safely.,,,,,
2026-07-31,christmas ornaments to make,,,,45,35,30,20,50,high,DIY,,,,DIY kits,$10-$50,Growing interest in DIY projects for personalized holiday decorations.,,,,,
2026-07-31,christmas ornament kits,,,,40,30,25,20,40,high,DIY,,,,craft kits,$15-$40,Appeals to those interested in crafting their own ornaments during the holidays.,,,,,
2026-07-31,vintage christmas ornaments,,,,30,20,10,15,25,high,decorative,,,,ornaments,$10-$30,Appeals to buyers looking for nostalgic holiday decor.,,,,,
2026-07-31,christmas ornaments clearance,,,,25,30,15,20,20,high,bargain,,,,ornaments,$5-$15,Targets cost-conscious shoppers during the holiday season.,,,,,
2026-07-31,diamond art christmas ornaments,,,,20,25,30,25,15,medium,crafting,,,,ornaments,$15-$40,Attracts DIY enthusiasts interested in unique ornament designs.,,,,,
2026-07-31,clear christmas ornaments balls,,,,35,15,20,10,30,high,decorative,,,,ornaments,$10-$25,Popular for customizable holiday decorations.,,,,,
2026-07-31,christmas gifts for women,,,,90,80,70,75,85,high,gift shopping,,,,gift sets,$20-$100,High demand across multiple platforms indicates strong interest in this category.,,,,,
2026-07-31,christmas gifts for men,,,,90,80,70,75,85,high,gift shopping,,,,gadget gifts,$20-$100,High demand across multiple platforms indicates strong interest in this category.,,,,,
2026-07-31,christmas tree,,,,80,70,60,65,75,high,decorating,,,,artificial trees,$50-$300,"Commonly sought after for holiday decorations, indicating consistent demand.",,,,,
2026-07-31,christmas in july,,,,70,60,50,55,65,medium,themed events,,,,themed decorations,$10-$50,Niche interest in mid-year celebrations suggests potential for unique products.,,,,,
2026-07-31,christmas story,,,,70,50,40,45,55,medium,nostalgia,,,,books and collectibles,$10-$50,Interest in classic holiday stories indicates potential for themed merchandise.,,,,,
2026-07-31,christmas ornaments,,,,80,70,60,65,75,high,decorating,,,,custom ornaments,$5-$30,High demand for unique ornaments indicates a strong market opportunity.,,,,,
2026-07-31,christmas gifts for teen girls,,,,80,70,60,65,75,high,gift shopping,,,,trendy accessories,$10-$50,Targeting a specific demographic suggests a focused market with potential.,,,,,
2026-07-31,christmas gifts for kids,,,,80,70,60,65,75,high,gift shopping,,,,toys and games,$10-$50,High demand for children's gifts indicates a robust market opportunity.,,,,,
2026-07-31,christmas gifts for girls,,,,70,60,50,50,65,high,gifting,,,,toys or accessories,$20-$50,"This keyword targets a specific audience looking for gifts, indicating strong buyer intent.",,,,,
2026-07-31,christmas ornament storage,,,,65,55,50,50,60,high,organization,,,,storage boxes or bags,$15-$30,"This keyword addresses a practical need for storing ornaments, appealing to organized buyers.",,,,,
2026-07-31,christmas ornaments set,,,,70,60,55,50,65,high,decorating,,,,ornament sets,$25-$60,"This keyword suggests a bundle purchase, appealing to buyers looking to decorate their homes.",,,,,
2026-07-31,christmas decorations outdoor,,,,75,65,60,55,70,high,decorating,,,,outdoor lights or inflatables,$30-$100,"This keyword targets outdoor decor, indicating a strong demand for festive outdoor items.",,,,,
2026-07-31,christmas decorations indoor,,,,75,65,60,55,70,high,decorating,,,,indoor decor items,$20-$80,"This keyword focuses on indoor decorations, appealing to buyers looking to enhance their home ambiance.",,,,,
2026-07-31,christmas decorations clearance,,,,60,70,50,45,55,high,bargain hunting,,,,clearance decorations,$10-$30,This keyword targets budget-conscious buyers looking for discounted decorations.,,,,,
2026-07-31,christmas,,,,80,90,70,60,50,very high,general,,,,various Christmas items,$10-$100,"This is a broad keyword with high competition, indicating a significant overall interest in Christmas.",,,,,
2026-07-31,christmas decorations,,,,80,90,70,60,50,very high,decorating,,,,decorative items,$10-$100,"This keyword encompasses a wide range of decorations, appealing to a large audience.",,,,,
2026-07-31,christmas gifts,,,,60,40,50,50,55,high,gift shopping,gifts,various,holiday,gift sets,$20-$100,High demand during the holiday season.,,,,,
2026-07-31,christmas ornament,,,,65,45,55,50,60,high,decorating,ornaments,glass/wood,traditional,personalized ornaments,$10-$50,Popular item for holiday decorations.,,,,,
2026-07-31,christmas cactus,,,,30,20,25,20,35,medium,plant purchase,plants,living,natural,live plants,$15-$40,Niche interest in holiday-themed plants.,,,,,
2026-07-31,christmas vacation,,,,25,15,20,15,30,low,travel planning,travel,digital/print,informational,travel guides,$10-$30,"Less direct product correlation, more informational.",,,,,
2026-07-31,christmas movies,,,,40,30,35,30,45,medium,entertainment,movies,digital/physical,entertainment,movie collections,$15-$50,Interest in holiday-themed entertainment.,,,,,
2026-07-31,christmas vacation cast,,,,20,10,15,10,25,low,information seeking,memorabilia,various,collectible,movie memorabilia,$10-$30,Specific interest in movie details rather than products.,,,,,
2026-07-31,christmas island,,,,15,5,10,5,20,low,information seeking,travel,digital/print,informational,travel guides,$10-$30,"Limited product correlation, more geographic interest.",,,,,
2026-07-31,christmas 2026,,,,10,5,5,5,15,low,future planning,planning,digital/print,informational,event planners,$10-$30,Very niche and forward-looking search term.,,,,,
2026-07-31,christmas fern,,,,10,20,5,10,15,low,informational,plants,natural,botanical,decorative plants,$10-$30,Limited presence on major platforms indicates niche interest.,,,,,
2026-07-31,christmas in july decorations,,,,20,30,25,20,35,seasonal,purchase,decorations,various,festive,decorations,$15-$50,"Specific to a seasonal event, indicating targeted demand.",,,,,
2026-07-31,christmas lights,,,,30,40,35,30,45,high,purchase,lighting,LED,decorative,string lights,$20-$100,High demand during the holiday season with established market.,,,,,
2026-07-31,christmas decor,,,,40,50,45,40,55,high,purchase,decorations,various,festive,decorative items,$10-$200,Broad appeal with high competition indicates strong market presence.,,,,,
2026-07-31,nightmare before christmas,,,,25,35,30,25,40,medium,purchase,merchandise,various,thematic,merchandise,$15-$50,"Cult classic with dedicated fanbase, indicating niche demand.",,,,,
2026-07-31,christmas tree storage bag,,,,15,25,20,15,25,medium,purchase,storage,fabric,functional,storage solutions,$20-$50,"Practical item with moderate demand, especially post-holiday.",,,,,
2026-07-31,christmas svg,,,,20,30,25,20,35,medium,purchase,digital downloads,digital,graphic,digital designs,$5-$20,"Popular among crafters, indicating a steady niche market.",,,,,
2026-07-31,christmas etymology,,,,5,10,5,5,10,low,informational,educational,paper,informative,books or articles,$10-$30,Very niche interest with limited demand on major platforms.,,,,,
2026-07-31,christian,,,,30,20,10,10,40,low,low,religious decor,wood,traditional,decor,$10-$30,Limited presence on major platforms indicates niche interest.,,,,,
2026-07-31,christian shops,,,,25,15,10,10,35,low,low,gift items,various,varied,gift items,$5-$50,Specific shops indicate a niche market with limited competition.,,,,,
2026-07-31,christmas etymologie,,,,15,10,5,5,20,low,very low,educational material,paper,informative,educational material,$5-$15,Niche topic with minimal search interest.,,,,,
2026-07-31,christmas story kid,,,,40,30,20,15,50,high,medium,children's books,paper,illustrative,storybooks,$10-$25,Higher interest in children's stories during the holiday season.,,,,,
2026-07-31,christmas gifts 2026,,,,50,40,30,25,60,high,high,gift bundles,various,varied,gift bundles,$20-$100,Future-oriented keyword indicating planning for holiday gifts.,,,,,
2026-07-31,christmas gifts for mom,,,,55,45,35,30,65,high,high,gifts for mom,silver,elegant,personalized jewelry,$30-$100,Consistent demand for gifts targeted at mothers during holidays.,,,,,
2026-07-31,christmas gifts for coworkers,,,,50,40,30,25,60,high,medium,office gifts,various,modern,office supplies,$10-$50,Regular search for office gifts during the holiday season.,,,,,
2026-07-31,christmas gifts for teens,,,,60,50,40,35,70,high,high,gifts for teens,various,trendy,trendy gadgets,$20-$80,High demand for trendy gifts for teenagers during the holidays.,,,,,
2026-07-31,christmas gifts ideas,,,,20,10,15,10,25,high,low,,,,gift guides,varied,This keyword shows low competition but is highly seasonal.,,,,,
2026-07-31,nightmare before christmas gifts,,,,30,40,20,25,35,medium,high,,,,themed merchandise,varied,This keyword has a niche audience with moderate competition.,,,,,
2026-07-31,toddler christmas gifts,,,,30,35,25,20,30,high,high,,,,toys and games,low to medium,High demand for toddler gifts during the holiday season.,,,,,
2026-07-31,baby christmas gifts,,,,30,30,25,20,30,high,high,,,,baby toys and clothes,low to medium,"Similar to toddler gifts, this keyword has strong seasonal demand.",,,,,
2026-07-31,bulk christmas gifts,,,,25,20,15,15,25,high,medium,,,,gift sets,medium to high,"This keyword targets bulk buyers, often for events or parties.",,,,,
2026-07-31,christmas gifts for her,,,,30,40,25,20,30,high,high,,,,jewelry and accessories,medium to high,A popular category with significant seasonal demand.,,,,,
2026-07-31,christmas gifts for couples,,,,30,35,25,20,30,high,high,,,,couple-themed gifts,medium to high,"This keyword targets couples, which is a strong market segment.",,,,,
2026-07-31,christmas gifts for wife,,,,30,40,25,20,30,high,high,,,,personalized gifts,medium to high,High demand for gifts specifically targeted at wives.,,,,,
2026-07-31,teacher christmas gifts,,,,30,20,40,25,35,high,gift,gifts,mixed,varied,gift sets,$20-$50,Niche market with seasonal demand for gifts.,,,,,
2026-07-31,christmas ornaments near me,,,,40,30,35,30,45,high,local purchase,ornaments,mixed,varied,local artisan ornaments,$5-$30,Local search indicates immediate buying intent for ornaments.,,,,,
2026-07-31,christmas ornaments nyc,,,,40,30,35,30,45,high,local purchase,ornaments,mixed,themed,NYC-themed ornaments,$10-$40,"Specific to NYC, indicating a localized demand for ornaments.",,,,,
2026-07-31,christmas ornaments sale,,,,50,40,45,50,55,high,discount shopping,ornaments,mixed,varied,discounted ornaments,$5-$25,High demand for ornaments during sales events.,,,,,
2026-07-31,christmas ornaments personalized,,,,60,50,65,60,70,high,custom gift,ornaments,mixed,personalized,customizable ornaments,$15-$40,Increasing trend for personalized gifts during Christmas.,,,,,
2026-07-31,christmas ornament storage box,,,,30,25,20,15,25,medium,organization,storage,mixed,functional,storage boxes,$10-$30,Niche product for ornament storage with moderate demand.,,,,,
2026-07-31,christmas ornaments to make,,,,45,35,50,40,50,high,DIY project,DIY,mixed,craft,DIY ornament kits,$10-$25,Growing interest in DIY crafts for Christmas ornaments.,,,,,
2026-07-31,christmas ornament kits,,,,50,40,55,50,60,high,crafting,kits,mixed,craft,ornament crafting kits,$15-$35,High demand for kits that facilitate ornament-making.,,,,,
2026-07-31,vintage christmas ornaments,,,,30,20,10,15,25,high,decorative,,,,ornaments,$$,Appeals to collectors and those seeking nostalgic decor.,,,,,
2026-07-31,christmas ornaments clearance,,,,25,30,15,20,20,high,bargain,,,,ornaments,$,Targets budget-conscious shoppers looking for deals.,,,,,
2026-07-31,diamond art christmas ornaments,,,,20,15,25,30,35,medium,crafting,,,,ornaments,$$,Appeals to DIY enthusiasts and crafters.,,,,,
2026-07-31,clear christmas ornaments balls,,,,30,25,20,15,30,high,decorative,,,,ornaments,$,Versatile for various decorating styles and themes.,,,,,
2026-07-31,christmas gifts for women,,,,90,80,70,75,85,high,purchase,,,,gift sets,$20-$100,High demand across multiple platforms for gifts targeted at women during Christmas.,,,,,
2026-07-31,christmas gifts for men,,,,90,80,70,75,85,high,purchase,,,,grooming kits,$20-$100,Strong interest in Christmas gifts specifically for men across platforms.,,,,,
2026-07-31,christmas tree,,,,80,70,60,65,75,high,purchase,,,,artificial trees,$50-$200,Essential item for Christmas celebrations with consistent demand.,,,,,
2026-07-31,christmas in july,,,,70,60,50,55,65,medium,exploration,,,,holiday-themed items,$10-$50,"Growing trend for mid-year Christmas celebrations, indicating niche demand.",,,,,
2026-07-31,christmas story,,,,60,50,40,45,55,medium,entertainment,,,,merchandise,$15-$60,"Nostalgic interest in the classic Christmas story, appealing to fans.",,,,,
2026-07-31,christmas ornaments,,,,80,70,60,65,75,high,purchase,,,,themed ornaments,$5-$30,Popular decorative items for Christmas trees with consistent demand.,,,,,
2026-07-31,christmas gifts for teen girls,,,,75,65,55,60,70,high,purchase,,,,trendy accessories,$10-$50,Targeted gifts for a specific demographic with growing interest.,,,,,
2026-07-31,christmas gifts for kids,,,,80,70,60,65,75,high,purchase,,,,toys and games,$10-$100,Consistently high demand for children's gifts during the holiday season.,,,,,
2026-07-31,christmas gifts for girls,,,,70,60,50,50,65,high,gift shopping,,,,toys or accessories,$20-$50,Popular search for holiday gifting options for girls.,,,,,
2026-07-31,christmas ornament storage,,,,65,55,60,50,60,medium,organizational needs,,,,storage boxes or bags,$15-$30,Increasing need for practical storage solutions for ornaments.,,,,,
2026-07-31,christmas ornaments set,,,,70,65,55,50,62,high,decorating,,,,ornament sets,$25-$60,Commonly sought after for holiday decorations.,,,,,
2026-07-31,christmas decorations outdoor,,,,75,70,65,55,68,high,decorating,,,,lights and inflatables,$30-$100,High demand for outdoor festive decorations.,,,,,
2026-07-31,christmas decorations indoor,,,,75,70,65,55,68,high,decorating,,,,decorative items,$20-$80,Consistently popular for creating a festive atmosphere indoors.,,,,,
2026-07-31,christmas decorations clearance,,,,60,50,45,40,55,medium,bargain shopping,,,,clearance items,$10-$30,Shoppers looking for discounted holiday decorations.,,,,,
2026-07-31,christmas,,,,80,90,70,60,75,very high,general holiday shopping,,,,various holiday items,$10-$100,Broad term with high search volume related to the holiday season.,,,,,
2026-07-31,christmas decorations,,,,80,90,70,60,75,very high,decorating,,,,various decoration items,$20-$100,Highly searched term for holiday decorations.,,,,,
2026-07-31,christmas gifts,,,,60,40,50,30,70,high,purchase,,,,gift items,varied,This keyword indicates a strong intent to buy gifts during the holiday season.,,,,,
2026-07-31,christmas ornament,,,,55,45,50,30,65,high,purchase,,,,ornaments,varied,Ornaments are a popular decorative item during the Christmas season.,,,,,
2026-07-31,christmas cactus,,,,30,20,40,20,50,medium,interest,,,,plants,low,This keyword suggests a niche interest in a specific type of plant associated with Christmas.,,,,,
2026-07-31,christmas vacation,,,,25,15,30,20,40,medium,interest,,,,travel packages,high,This keyword reflects a general interest in holiday travel.,,,,,
2026-07-31,christmas movies,,,,35,25,30,20,45,high,interest,,,,movie collections,varied,Christmas movies are a popular entertainment choice during the holiday season.,,,,,
2026-07-31,christmas vacation cast,,,,20,10,20,15,30,low,research,,,,movie memorabilia,varied,This keyword indicates a specific interest in the cast of a popular Christmas movie.,,,,,
2026-07-31,christmas island,,,,15,5,10,10,20,low,interest,,,,travel guides,varied,This keyword suggests a niche interest in a geographical location.,,,,,
2026-07-31,christmas 2026,,,,10,5,5,5,15,low,future planning,,,,future event planning,varied,This keyword indicates a forward-looking interest in Christmas.,,,,,
2026-07-31,christmas fern,,,,20,10,15,10,30,seasonal,low,plants,natural,decorative,decorative plants,$10-$30,Limited presence across platforms suggests niche interest.,,,,,
2026-07-31,christmas in july decorations,,,,30,40,25,20,35,seasonal,medium,decorations,varied,thematic,decorations,$15-$50,Specific holiday theme with moderate demand on Amazon.,,,,,
2026-07-31,christmas lights,,,,50,60,40,50,45,seasonal,high,lighting,LED,festive,string lights,$20-$100,High demand for festive lighting during the holiday season.,,,,,
2026-07-31,christmas decor,,,,55,70,50,60,50,seasonal,high,decorations,varied,festive,decorative items,$10-$200,Broad interest in various types of Christmas decorations.,,,,,
2026-07-31,nightmare before christmas,,,,40,50,35,30,40,seasonal,medium,merchandise,varied,thematic,merchandise,$15-$75,Cult following with specific merchandise demand.,,,,,
2026-07-31,christmas tree storage bag,,,,25,30,20,15,25,seasonal,medium,storage,fabric,functional,storage solutions,$20-$50,Practical item with limited seasonal usage.,,,,,
2026-07-31,christmas svg,,,,30,20,25,20,30,seasonal,medium,digital files,digital,craft,digital downloads,$5-$20,Growing interest in digital designs for crafting.,,,,,
2026-07-31,christmas etymology,,,,10,5,10,5,15,year-round,low,literature,printed or digital,informative,books or articles,$10-$30,Niche interest in the history of the holiday.,,,,,
2026-07-31,christian,,,,20,10,15,10,25,low,low,religious decor,wood,rustic,decor,$10-$30,Low demand and competition on Etsy.,,,,,
2026-07-31,christian shops,,,,20,10,15,10,25,low,low,religious gifts,various,traditional,gift items,$10-$50,Low demand and competition on Etsy.,,,,,
2026-07-31,christmas etymologie,,,,15,5,10,5,20,low,very low,educational resources,paper,informative,educational material,$5-$15,Niche interest with minimal competition.,,,,,
2026-07-31,christmas story kid,,,,25,15,20,15,30,high,medium,children's books,paper,illustrated,storybooks,$10-$25,Moderate demand for children's Christmas stories.,,,,,
2026-07-31,christmas gifts 2026,,,,30,20,25,20,35,high,high,holiday gifts,various,varied,gift items,$10-$100,Strong interest in upcoming holiday gifts.,,,,,
2026-07-31,christmas gifts for mom,,,,40,30,35,30,40,high,high,gifts for her,various,personalized,personalized gifts,$20-$100,High demand for gifts targeted at mothers.,,,,,
2026-07-31,christmas gifts for coworkers,,,,35,25,30,25,35,high,medium,office gifts,various,professional,office gifts,$10-$50,Growing interest in workplace gift exchanges.,,,,,
2026-07-31,christmas gifts for teens,,,,45,35,40,35,45,high,high,gifts for teens,various,trendy,trendy gifts,$15-$75,High demand for gifts tailored to teenagers.,,,,,
2026-07-31,christmas gifts ideas,,,,20,10,15,5,25,high,low,,,,gift guides,varied,Low competition but limited platform presence indicates niche interest.,,,,,
2026-07-31,nightmare before christmas gifts,,,,30,40,25,20,35,medium,high,,,,themed merchandise,mid-range,Strong niche interest with potential for themed merchandise.,,,,,
2026-07-31,toddler christmas gifts,,,,30,40,25,20,35,high,high,,,,toys and educational items,low to mid-range,Consistent demand for toddler gifts during holiday season.,,,,,
2026-07-31,baby christmas gifts,,,,30,40,25,20,35,high,high,,,,baby toys and clothing,low to mid-range,High demand for baby gifts during the holiday season.,,,,,
2026-07-31,bulk christmas gifts,,,,25,30,20,15,30,medium,medium,,,,gift sets,varied,Potential for bulk orders but moderate competition.,,,,,
2026-07-31,christmas gifts for her,,,,30,40,25,20,35,high,high,,,,jewelry and accessories,mid-range,Consistent demand for gifts targeted at women during holidays.,,,,,
2026-07-31,christmas gifts for couples,,,,30,40,25,20,35,high,high,,,,experience gifts,mid-range,High interest in couple-oriented gifts during the holiday season.,,,,,
2026-07-31,christmas gifts for wife,,,,30,40,25,20,35,high,high,,,,personalized jewelry,mid to high-range,Strong demand for gifts specifically for wives during holidays.,,,,,
2026-07-31,teacher christmas gifts,,,,30,20,25,20,40,high,gift,,,,gifts,20-50,Niche market with specific audience interest.,,,,,
2026-07-31,christmas ornaments near me,,,,40,30,35,30,50,high,purchase,,,,ornaments,10-30,Local search indicates immediate buying intent.,,,,,
2026-07-31,christmas ornaments nyc,,,,35,25,30,25,45,high,purchase,,,,ornaments,10-30,Targeting a specific geographic area enhances relevance.,,,,,
2026-07-31,christmas ornaments sale,,,,50,40,45,40,60,high,bargain,,,,ornaments,5-25,Sales attract price-sensitive customers during the season.,,,,,
2026-07-31,christmas ornaments personalized,,,,60,50,55,50,70,high,gift,,,,ornaments,15-40,Personalization adds value and attracts gift buyers.,,,,,
2026-07-31,christmas ornament storage box,,,,25,20,20,15,30,medium,utility,,,,storage boxes,10-25,Practical products have steady demand but lower excitement.,,,,,
2026-07-31,christmas ornaments to make,,,,45,35,40,35,55,high,DIY,,,,DIY kits,10-30,Crafting interest drives demand for DIY ornament kits.,,,,,
2026-07-31,christmas ornament kits,,,,50,40,45,40,60,high,DIY,,,,ornament kits,15-35,Kits appeal to families and crafters during the holiday season.,,,,,
2026-07-31,vintage christmas ornaments,,,,30,20,10,15,25,high,decorative,,,,ornaments,medium,Appears only on Amazon indicating niche demand.,,,,,
2026-07-31,christmas ornaments clearance,,,,25,15,10,10,20,high,bargain,,,,ornaments,low,Limited to Amazon suggesting a specific discount-driven market.,,,,,
2026-07-31,diamond art christmas ornaments,,,,20,25,15,10,30,medium,crafting,,,,ornaments,medium,Niche market with potential for growth in DIY segments.,,,,,
2026-07-31,clear christmas ornaments balls,,,,35,30,20,15,25,high,decorative,,,,ornaments,low to medium,Appears on Amazon indicating a common decorative choice.,,,,,
2026-07-31,christmas gifts for women,,,,90,80,70,75,85,high,gift shopping,,,,personalized gifts,$20-$100,High demand for gifts specifically for women during the holiday season.,,,,,
2026-07-31,christmas gifts for men,,,,90,80,70,75,85,high,gift shopping,,,,gadget gifts,$20-$100,High demand for gifts specifically for men during the holiday season.,,,,,
2026-07-31,christmas tree,,,,80,70,60,65,75,high,decorating,,,,artificial trees,$50-$300,"Essential item for Christmas celebrations, with consistent demand.",,,,,
2026-07-31,christmas in july,,,,70,60,65,60,70,medium,early shopping,,,,holiday-themed items,$10-$50,Growing trend for mid-year holiday promotions and shopping.,,,,,
2026-07-31,christmas story,,,,60,50,55,50,65,medium,nostalgia,,,,books and decor,$5-$30,"Nostalgic interest in classic Christmas stories, especially during the season.",,,,,
2026-07-31,christmas ornaments,,,,80,70,75,70,80,high,decorating,,,,custom ornaments,$10-$50,High demand for unique and personalized ornaments during the holiday season.,,,,,
2026-07-31,christmas gifts for teen girls,,,,75,65,70,65,75,high,gift shopping,,,,trendy accessories,$15-$75,Targeted gifts for a specific demographic with growing interest.,,,,,
2026-07-31,christmas gifts for kids,,,,85,75,80,75,85,high,gift shopping,,,,toys and games,$10-$100,Consistent high demand for children's gifts during the holiday season.,,,,,
2026-07-31,christmas gifts for girls,,,,70,60,50,50,65,high,gift shopping,,,,toys and accessories,$20-$50,"This keyword targets a specific audience looking for gifts, indicating strong buyer intent.",,,,,
2026-07-31,christmas ornament storage,,,,65,55,50,50,60,medium,organization,,,,storage boxes,$15-$30,"This keyword addresses a practical need for storing ornaments, appealing to organized consumers.",,,,,
2026-07-31,christmas ornaments set,,,,70,65,55,55,70,high,decorating,,,,ornament sets,$25-$60,"This keyword suggests a desire for themed decorations, indicating strong seasonal demand.",,,,,
2026-07-31,christmas decorations outdoor,,,,75,70,60,60,75,high,decorating,,,,outdoor lights and inflatables,$30-$100,Outdoor decorations are popular for enhancing curb appeal during the holiday season.,,,,,
2026-07-31,christmas decorations indoor,,,,75,70,60,60,75,high,decorating,,,,indoor decor items,$20-$80,"Indoor decorations are essential for creating a festive atmosphere, indicating high demand.",,,,,
2026-07-31,christmas decorations clearance,,,,60,65,50,50,55,medium,bargain hunting,,,,discounted decorations,$10-$30,This keyword targets budget-conscious consumers looking for deals post-holiday.,,,,,
2026-07-31,christmas,,,,80,90,70,70,50,very high,general holiday shopping,,,,variety of holiday items,$10-$100,"As a broad keyword, it captures a wide range of holiday-related searches, but with high competition.",,,,,
2026-07-31,christmas decorations,,,,80,90,70,70,50,very high,general holiday shopping,,,,variety of decorations,$10-$100,"This keyword encompasses a wide range of products, indicating high demand but also high competition.",,,,,
2026-07-31,christmas gifts,,,,60,40,50,30,70,high,gift shopping,,,,gift sets,mid,High demand during the holiday season.,,,,,
2026-07-31,christmas ornament,,,,65,45,55,30,75,high,decorating,,,,personalized ornaments,low to mid,Popular item for holiday decorations.,,,,,
2026-07-31,christmas cactus,,,,30,20,40,20,50,low,plant shopping,,,,live plants,low,Niche interest in holiday-themed plants.,,,,,
2026-07-31,christmas vacation,,,,25,15,30,10,40,low,travel planning,,,,travel guides,mid,Low demand outside of specific contexts.,,,,,
2026-07-31,christmas movies,,,,35,25,40,20,50,medium,entertainment,,,,movie collections,low to mid,Consistent interest during the holiday season.,,,,,
2026-07-31,christmas vacation cast,,,,20,10,15,5,30,low,movie interest,,,,movie memorabilia,mid,Very niche interest related to a specific film.,,,,,
2026-07-31,christmas island,,,,15,5,10,5,20,low,travel interest,,,,travel guides,mid,Limited interest in a specific location.,,,,,
2026-07-31,christmas 2026,,,,10,5,5,5,15,low,future planning,,,,event planning materials,low,Very low interest as it pertains to future events.,,,,,
2026-07-31,christmas fern,,,,10,10,10,10,10,low,informational,plants,natural,,decorative plants,$10-$30,Limited presence indicates niche interest.,,,,,
2026-07-31,christmas in july decorations,,,,20,20,20,20,20,seasonal,purchase,decorations,various,,themed decorations,$15-$50,"Specific to a holiday theme, indicating targeted demand.",,,,,
2026-07-31,christmas lights,,,,30,30,30,30,30,high,purchase,lighting,LED,,string lights,$10-$100,Widely searched for holiday lighting solutions.,,,,,
2026-07-31,christmas decor,,,,30,30,30,30,30,high,purchase,decorations,various,,decorative items,$10-$200,Broad category with consistent holiday demand.,,,,,
2026-07-31,nightmare before christmas,,,,25,25,25,25,25,medium,purchase,merchandise,various,,themed merchandise,$15-$50,Cult classic with a dedicated fan base.,,,,,
2026-07-31,christmas tree storage bag,,,,20,20,20,20,20,medium,purchase,storage,fabric,,storage solutions,$20-$50,Practical item for post-holiday storage.,,,,,
2026-07-31,christmas svg,,,,15,15,15,15,15,medium,purchase,digital assets,digital,,digital downloads,$5-$20,Niche market for digital design assets.,,,,,
2026-07-31,christmas etymology,,,,5,5,5,5,5,low,informational,educational,paper,,books or articles,$10-$30,Very niche interest with limited commercial potential.,,,,,
2026-07-31,christian,,,,20,10,15,10,25,low,low,,,,decor,low,Limited search presence indicates niche interest.,,,,,
2026-07-31,christian shops,,,,20,10,15,10,25,low,low,,,,gifts,medium,Limited search presence indicates niche interest.,,,,,
2026-07-31,christmas etymologie,,,,15,5,10,5,20,low,low,,,,books,low,Niche academic interest with low demand.,,,,,
2026-07-31,christmas story kid,,,,25,15,20,15,30,high,medium,,,,storybooks,low,Appeals to families during the holiday season.,,,,,
2026-07-31,christmas gifts 2026,,,,30,20,25,20,35,high,high,,,,gift sets,medium,Future-oriented search indicates planning for gifts.,,,,,
2026-07-31,christmas gifts for mom,,,,40,30,35,30,40,high,high,,,,jewelry,medium,High demand for personalized gifts for mothers.,,,,,
2026-07-31,christmas gifts for coworkers,,,,35,25,30,25,35,high,medium,,,,office supplies,low,Growing trend for workplace gift exchanges.,,,,,
2026-07-31,christmas gifts for teens,,,,45,35,40,35,45,high,high,,,,tech gadgets,medium,High interest in trendy gifts for teenagers.,,,,,
2026-07-31,christmas gifts ideas,,,,30,10,20,15,25,high,low,,,,gift guides,varied,"This keyword has low competition but is seasonal, suggesting potential for growth.",,,,,
2026-07-31,nightmare before christmas gifts,,,,40,30,25,20,35,medium,medium,,,,themed merchandise,mid-range,"This keyword targets a specific fandom, indicating a niche market with moderate demand.",,,,,
2026-07-31,toddler christmas gifts,,,,45,35,30,25,40,high,high,,,,toys and educational items,varied,High demand for toddler gifts during the holiday season indicates strong buyer intent.,,,,,
2026-07-31,baby christmas gifts,,,,50,40,35,30,45,high,high,,,,baby toys and clothes,varied,"Similar to toddler gifts, this keyword shows strong demand and buyer intent for baby-related products.",,,,,
2026-07-31,bulk christmas gifts,,,,25,20,15,10,20,medium,medium,,,,bulk gift sets,varied,"This keyword suggests a demand for bulk purchasing, which can be appealing for events or organizations.",,,,,
2026-07-31,christmas gifts for her,,,,60,50,45,40,55,high,high,,,,jewelry and personal care items,mid to high,"This keyword has high demand and buyer intent, targeting a specific audience for holiday gifts.",,,,,
2026-07-31,christmas gifts for couples,,,,55,45,40,35,50,high,high,,,,couple experiences and gifts,mid to high,"This keyword targets couples, indicating strong demand for relationship-oriented gifts during the holidays.",,,,,
2026-07-31,christmas gifts for wife,,,,65,55,50,45,60,high,high,,,,luxury items and personalized gifts,mid to high,High demand for gifts specifically for wives indicates strong buyer intent during the holiday season.,,,,,
2026-07-31,teacher christmas gifts,,,,30,20,25,20,40,high,gift,,,,gifts,medium,This keyword targets a specific audience looking for gifts during the holiday season.,,,,,
2026-07-31,christmas ornaments near me,,,,40,30,35,30,50,high,purchase,,,,ornaments,low to medium,Local searches indicate a strong intent to buy ornaments during the holiday season.,,,,,
2026-07-31,christmas ornaments nyc,,,,40,30,35,30,50,high,purchase,,,,ornaments,low to medium,This keyword targets a specific geographic area with high intent for holiday shopping.,,,,,
2026-07-31,christmas ornaments sale,,,,50,40,45,40,60,high,bargain,,,,ornaments,low,Sales keywords attract price-sensitive customers looking for deals during the holidays.,,,,,
2026-07-31,christmas ornaments personalized,,,,60,50,55,50,70,high,gift,,,,personalized ornaments,medium to high,"Personalized items are popular for gifts, especially during the holiday season.",,,,,
2026-07-31,christmas ornament storage box,,,,30,25,20,25,35,medium,purchase,,,,storage boxes,low to medium,Storage solutions for ornaments have a niche market but are essential for holiday decor.,,,,,
2026-07-31,christmas ornaments to make,,,,40,35,30,35,50,high,DIY,,,,DIY kits,low to medium,DIY ornaments attract crafters looking to create personalized holiday decorations.,,,,,
2026-07-31,christmas ornament kits,,,,50,40,45,40,60,high,DIY,,,,ornament kits,medium,Kits for making ornaments are popular among families and crafters during the holiday season.,,,,,
2026-07-31,vintage christmas ornaments,,,,30,20,10,15,25,high,decorative,,,,ornaments,$10-$30,"Appears only on Amazon, indicating niche demand.",,,,,
2026-07-31,christmas ornaments clearance,,,,25,15,5,10,20,high,bargain hunting,,,,ornaments,$5-$15,"Limited to Amazon, suggesting a focus on discounted items.",,,,,
2026-07-31,diamond art christmas ornaments,,,,20,25,15,10,30,medium,craft enthusiasts,,,,ornaments,$15-$40,Unique keyword indicating a specific crafting niche.,,,,,
2026-07-31,clear christmas ornaments balls,,,,35,30,20,15,40,high,decorative,,,,ornaments,$10-$25,"Commonly searched for on Amazon, indicating good demand.",,,,,
2026-08-04,christmas gifts for women,,,,90,80,70,75,85,high,gift shopping,,,,gift sets,$20-$100,High demand across multiple platforms indicates strong interest.,,,,,
2026-08-04,christmas gifts for men,,,,88,75,70,72,80,high,gift shopping,,,,gadgets,$25-$150,Consistent demand across platforms suggests a solid market.,,,,,
2026-08-04,christmas tree,,,,85,70,60,65,75,high,decor shopping,,,,artificial trees,$50-$300,A staple in holiday decor with consistent search interest.,,,,,
2026-08-04,christmas in july,,,,70,60,65,55,60,medium,themed shopping,,,,themed decorations,$10-$50,Niche interest for mid-year holiday celebrations.,,,,,
2026-08-04,christmas story,,,,65,50,55,50,55,medium,media and gifts,,,,merchandise,$15-$75,Cult following indicates steady interest but limited scope.,,,,,
2026-08-04,christmas ornaments,,,,80,70,65,60,75,high,decor shopping,,,,custom ornaments,$5-$30,Essential part of holiday decor with consistent demand.,,,,,
2026-08-04,christmas gifts for teen girls,,,,75,65,70,68,70,high,gift shopping,,,,trendy accessories,$15-$75,Targeted demographic with specific interests indicates potential.,,,,,
2026-08-04,christmas gifts for kids,,,,80,70,75,70,80,high,gift shopping,,,,toys and games,$10-$100,Consistent demand for children's gifts during the holiday season.,,,,,
2026-08-04,christmas gifts for girls,,,,70,60,50,50,65,high,gift shopping,,,,toys or accessories,$20-$50,"This keyword targets a specific audience looking for gifts, indicating strong buyer intent.",,,,,
2026-08-04,christmas ornament storage,,,,65,55,50,50,60,high,organizational solutions,,,,storage boxes or bags,$15-$30,This keyword addresses a common need for storage solutions during the holiday season.,,,,,
2026-08-04,christmas ornaments set,,,,70,65,55,50,70,high,decorating,,,,ornament sets,$25-$60,"Sets of ornaments are popular for holiday decorating, indicating strong demand.",,,,,
2026-08-04,christmas decorations outdoor,,,,75,70,60,55,75,high,home decoration,,,,lights and inflatables,$30-$100,"Outdoor decorations are highly sought after during the holiday season, indicating strong demand.",,,,,
2026-08-04,christmas decorations indoor,,,,75,70,60,55,75,high,home decoration,,,,decorative items,$20-$80,"Indoor decorations are essential for holiday celebrations, showing high demand.",,,,,
2026-08-04,christmas decorations clearance,,,,60,65,50,50,55,high,bargain hunting,,,,discounted decorations,$10-$30,"Clearance items attract budget-conscious shoppers, indicating a specific buyer intent.",,,,,
2026-08-04,christmas,,,,90,85,70,60,80,very high,general holiday shopping,,,,various holiday items,$10-$100,"As a broad term, it captures a wide range of holiday-related searches.",,,,,
2026-08-04,christmas decorations,,,,85,80,70,60,75,very high,home decoration,,,,decorative items,$20-$100,"This keyword encompasses a wide variety of holiday decor, indicating high demand.",,,,,
2026-08-04,christmas gifts,,,,60,40,50,50,55,high,purchase,,,,gift sets,$20-$100,Christmas gifts are a popular category during the holiday season.,,,,,
2026-08-04,christmas ornament,,,,55,45,50,50,52,high,purchase,,,,personalized ornaments,$10-$50,Christmas ornaments are essential for holiday decorations.,,,,,
2026-08-04,christmas cactus,,,,30,20,25,30,28,medium,interest,,,,live plants,$5-$30,Christmas cactus is a unique plant associated with the holiday.,,,,,
2026-08-04,christmas vacation,,,,35,25,30,35,32,medium,interest,,,,travel guides,$15-$50,Christmas vacation is a popular theme for travel and leisure.,,,,,
2026-08-04,christmas movies,,,,40,30,35,40,38,high,entertainment,,,,movie collections,$10-$60,Christmas movies are a staple for holiday entertainment.,,,,,
2026-08-04,christmas vacation cast,,,,25,15,20,25,22,low,interest,,,,movie memorabilia,$5-$30,Interest in the cast of a popular Christmas movie.,,,,,
2026-08-04,christmas 2026,,,,20,10,15,20,18,low,planning,,,,event planning guides,$10-$40,Future-oriented searches for Christmas events or products.,,,,,
2026-08-04,christmas island,,,,15,5,10,15,12,low,interest,,,,travel packages,$100-$500,Low interest in a specific location related to Christmas.,,,,,
2026-08-04,christmas fern,,,,20,10,15,10,25,seasonal,low,,,,decorative plants,$10-$30,Limited presence on major platforms indicates niche interest.,,,,,
2026-08-04,christmas in july decorations,,,,30,20,25,20,35,seasonal,medium,,,,themed decorations,$15-$50,Specific to a holiday theme with potential for seasonal sales.,,,,,
2026-08-04,christmas lights,,,,40,30,35,30,45,seasonal,high,,,,LED lights,$20-$100,High demand during the holiday season makes it a staple product.,,,,,
2026-08-04,christmas decor,,,,50,40,45,40,55,seasonal,high,,,,decorative items,$10-$100,Broad appeal and high search volume indicate strong market potential.,,,,,
2026-08-04,nightmare before christmas,,,,30,25,20,15,30,seasonal,medium,,,,themed merchandise,$15-$50,"Cult following suggests steady interest, especially around holidays.",,,,,
2026-08-04,christmas tree storage bag,,,,25,20,15,10,20,seasonal,medium,,,,storage solutions,$15-$40,Practical product with niche demand for post-holiday storage.,,,,,
2026-08-04,christmas svg,,,,20,15,25,20,30,seasonal,medium,,,,digital downloads,$5-$15,Growing interest in digital designs for crafting indicates potential.,,,,,
2026-08-04,christmas etymology,,,,10,5,10,5,15,year-round,low,,,,educational materials,$5-$20,Niche interest with limited demand in the broader market.,,,,,
2026-08-04,christian,,,,20,10,15,10,30,low,low,,,,decor,low,Limited presence on platforms indicates lower demand.,,,,,
2026-08-04,christian shops,,,,20,10,15,10,30,low,low,,,,gifts,medium,Niche keyword with limited visibility suggests lower demand.,,,,,
2026-08-04,christmas etymologie,,,,10,5,5,5,10,low,very low,,,,books,low,Very specialized keyword with minimal search interest.,,,,,
2026-08-04,christmas story kid,,,,30,20,25,20,40,high,medium,,,,books,low,Appealing to parents suggests moderate demand during the season.,,,,,
2026-08-04,christmas gifts 2026,,,,40,30,50,40,60,high,high,,,,gifts,medium,Future-oriented keyword indicates strong upcoming demand.,,,,,
2026-08-04,christmas gifts for mom,,,,50,40,60,50,70,high,high,,,,jewelry,medium,High relevance to a specific audience indicates strong demand.,,,,,
2026-08-04,christmas gifts for coworkers,,,,45,35,55,45,65,high,high,,,,office supplies,medium,Relevant for workplace gifting suggests strong seasonal interest.,,,,,
2026-08-04,christmas gifts for teens,,,,50,40,60,50,70,high,high,,,,tech gadgets,medium,Targeting a popular demographic indicates strong demand.,,,,,
2026-08-04,christmas gifts ideas,,,,30,20,10,15,25,high,low,,,,gift guides,varied,General ideas may attract broad interest but lack specific targeting.,,,,,
2026-08-04,nightmare before christmas gifts,,,,40,35,20,25,30,medium,high,,,,themed merchandise,mid,Targeted niche with a dedicated fan base indicates strong buyer intent.,,,,,
2026-08-04,toddler christmas gifts,,,,45,40,30,35,50,high,high,,,,toys and educational items,low to mid,"Parents actively seek gifts for toddlers, indicating strong demand.",,,,,
2026-08-04,baby christmas gifts,,,,50,45,35,40,55,high,high,,,,clothing and toys,low to mid,High demand from new parents for baby gifts during the holidays.,,,,,
2026-08-04,christmas gifts for boys,,,,40,30,25,30,35,high,medium,,,,toys and games,low to mid,Specific targeting towards boys can attract focused buyers.,,,,,
2026-08-04,christmas gifts for her,,,,50,45,30,35,50,high,high,,,,jewelry and accessories,mid to high,Strong demand for gifts targeting women during the holiday season.,,,,,
2026-08-04,christmas gifts for couples,,,,45,40,30,35,45,high,high,,,,experiences or matching items,mid to high,"Couples often look for shared gifts, indicating strong market potential.",,,,,
2026-08-04,christmas gifts for wife,,,,50,45,30,35,50,high,high,,,,jewelry and personalized gifts,mid to high,Targeted gifts for wives have consistent demand during holidays.,,,,,
2026-08-04,teacher christmas gifts,,,,30,20,40,25,35,high,gift,,,,gifts,$10-$50,"This keyword targets a specific audience looking for gifts, but has limited visibility.",,,,,
2026-08-04,christmas ornaments near me,,,,40,30,20,25,30,high,purchase,,,,ornaments,$5-$30,Local search indicates immediate buying intent for ornaments.,,,,,
2026-08-04,christmas ornaments nyc,,,,35,25,20,25,30,high,purchase,,,,ornaments,$5-$30,"Specific to NYC, indicating a localized demand for ornaments.",,,,,
2026-08-04,christmas ornaments sale,,,,45,35,30,25,40,high,bargain,,,,ornaments,$5-$25,Indicates a strong interest in discounted ornaments during the season.,,,,,
2026-08-04,christmas ornaments personalized,,,,50,40,45,30,50,high,gift,,,,personalized ornaments,$15-$60,High demand for personalized items indicates a strong market opportunity.,,,,,
2026-08-04,christmas ornament storage box,,,,25,20,15,20,25,medium,purchase,,,,storage boxes,$10-$30,"Niche product for ornament care, indicating lower demand.",,,,,
2026-08-04,christmas ornaments to make,,,,30,25,35,20,30,high,crafting,,,,DIY kits,$10-$40,Interest in DIY ornaments suggests a creative market segment.,,,,,
2026-08-04,christmas ornament kits,,,,35,30,30,25,35,high,crafting,,,,ornament kits,$15-$50,Growing interest in kits indicates a solid market for DIY projects.,,,,,
2026-08-04,vintage christmas ornaments,,,,30,20,10,15,25,high,low,holiday decor,glass,vintage,ornaments,medium,Limited cross-platform presence suggests niche interest.,,,,,
2026-08-04,diamond art christmas ornaments,,,,30,20,10,15,25,high,low,holiday decor,acrylic,craft,ornaments,medium,Specific niche with limited visibility across platforms.,,,,,
2026-08-04,christmas ornaments clearance,,,,30,20,10,15,25,high,high,holiday decor,varied,clearance,ornaments,low,Clearance suggests a focus on price-sensitive buyers.,,,,,
2026-08-04,personalized christmas ornaments,,,,30,20,10,15,25,high,high,holiday decor,wood,personalized,ornaments,medium,High personalization indicates strong buyer intent for gifts.,,,,,
2026-08-05,christmas gifts for women,,,,90,80,70,75,85,high,purchase,,,,gift sets,$20-$100,High demand across multiple platforms for gifts targeted at women.,,,,,
2026-08-05,christmas gifts for men,,,,90,80,70,75,85,high,purchase,,,,grooming kits,$20-$100,High demand across multiple platforms for gifts targeted at men.,,,,,
2026-08-05,christmas tree,,,,70,60,50,55,65,high,purchase,,,,artificial trees,$50-$300,Essential holiday item with consistent demand.,,,,,
2026-08-05,christmas in july,,,,60,50,40,45,55,medium,exploration,,,,themed decorations,$10-$50,Niche market for mid-year holiday celebrations.,,,,,
2026-08-05,christmas story,,,,65,55,45,50,60,medium,purchase,,,,merchandise,$15-$75,Popular theme with potential for themed products.,,,,,
2026-08-05,christmas ornaments,,,,70,65,60,65,70,high,purchase,,,,personalized ornaments,$5-$30,Essential decoration with consistent demand during the holiday season.,,,,,
2026-08-05,christmas gifts for teen girls,,,,75,70,65,70,75,high,purchase,,,,trendy accessories,$10-$60,Targeted gifts for a specific demographic with good demand.,,,,,
2026-08-05,christmas gifts for kids,,,,80,75,70,75,80,high,purchase,,,,educational toys,$10-$50,High demand for children's gifts during the holiday season.,,,,,
2026-08-05,christmas gifts for girls,,,,70,60,50,50,65,high,gift shopping,,,,toys or accessories,$10-$50,This keyword targets a specific audience looking for gifts during the holiday season.,,,,,
2026-08-05,christmas ornament storage,,,,65,55,60,50,60,medium,organizational solutions,,,,storage containers,$15-$30,This keyword addresses a practical need for storing holiday decorations.,,,,,
2026-08-05,christmas ornaments set,,,,70,65,55,55,70,high,decorating,,,,ornament sets,$20-$60,This keyword appeals to consumers looking to enhance their holiday decor.,,,,,
2026-08-05,christmas decorations outdoor,,,,75,70,60,55,75,high,home decoration,,,,outdoor lights and decorations,$30-$100,This keyword targets consumers looking to decorate their outdoor spaces for Christmas.,,,,,
2026-08-05,christmas decorations indoor,,,,75,70,60,55,75,high,home decoration,,,,indoor decorations,$20-$80,This keyword focuses on enhancing indoor spaces for the holiday season.,,,,,
2026-08-05,christmas decorations clearance,,,,60,65,50,50,55,medium,bargain shopping,,,,discounted decorations,$5-$30,This keyword appeals to budget-conscious consumers looking for deals.,,,,,
2026-08-05,christmas,,,,80,90,70,60,50,very high,general holiday shopping,,,,various Christmas products,$5-$100,This is a broad and highly competitive keyword related to the Christmas season.,,,,,
2026-08-05,christmas decorations,,,,80,85,70,60,55,very high,home decoration,,,,various decorations,$10-$100,This keyword encompasses a wide range of products for holiday decorating.,,,,,
2026-08-05,christmas gifts,,,,60,40,50,50,55,high,gift shopping,,,,gift sets,$20-$100,High demand for gifts during the holiday season.,,,,,
2026-08-05,christmas ornament,,,,55,45,50,50,52,high,decorating,,,,custom ornaments,$10-$50,Ornaments are essential for holiday decorations.,,,,,
2026-08-05,christmas cactus,,,,30,20,25,20,28,medium,plant enthusiasts,,,,live plants,$15-$40,Niche interest in unique holiday plants.,,,,,
2026-08-05,christmas vacation,,,,35,25,30,30,32,medium,travel planning,,,,travel guides,$10-$50,Interest in holiday travel experiences.,,,,,
2026-08-05,christmas movies,,,,40,30,35,35,38,high,entertainment,,,,movie bundles,$15-$60,High interest in holiday-themed films.,,,,,
2026-08-05,christmas vacation cast,,,,20,15,18,15,17,low,movie trivia,,,,movie memorabilia,$10-$30,Low demand for specific movie cast information.,,,,,
2026-08-05,christmas island,,,,25,20,22,20,23,low,travel interest,,,,travel brochures,$5-$25,Low interest in a specific location.,,,,,
2026-08-05,christmas 2026,,,,15,10,12,10,11,low,future planning,,,,future calendars,$5-$20,Very low interest in planning for a specific future holiday.,,,,,
2026-08-05,christmas fern,,,,10,5,15,10,20,seasonal,low,plants,natural,decorative,decorative plants,low,Limited cross-platform presence indicates niche interest.,,,,,
2026-08-05,christmas in july decorations,,,,20,30,25,20,15,seasonal,medium,decorations,varied,themed,themed decorations,medium,"Specific to a niche holiday, indicating moderate interest.",,,,,
2026-08-05,christmas lights,,,,50,60,55,50,40,seasonal,high,lighting,LED,decorative,string lights,medium,High demand and competition indicate a popular product category.,,,,,
2026-08-05,christmas decor,,,,60,70,65,60,50,seasonal,high,decor,varied,traditional,ornaments,medium,Broad appeal and high search volume suggest strong market potential.,,,,,
2026-08-05,nightmare before christmas,,,,30,40,35,30,25,seasonal,medium,merchandise,varied,themed,themed merchandise,medium,Cult following indicates steady interest but niche market.,,,,,
2026-08-05,christmas tree storage bag,,,,25,35,30,25,20,seasonal,medium,storage,fabric,functional,storage solutions,medium,Practical product with moderate demand during holiday season.,,,,,
2026-08-05,christmas svg,,,,15,20,10,15,5,seasonal,low,digital designs,digital,graphic,digital downloads,low,Niche market for digital designs with limited demand.,,,,,
2026-08-05,christmas etymology,,,,5,10,5,5,2,year-round,very low,educational,digital,informative,educational content,low,Limited interest in the historical aspect of the holiday.,,,,,
2026-08-05,christian,,,,20,10,15,5,25,low,low,,,,decor,20-50,Limited presence on major platforms indicates niche interest.,,,,,
2026-08-05,christian shops,,,,20,10,15,5,25,low,low,,,,gifts,15-40,Niche keyword with limited visibility suggests low competition.,,,,,
2026-08-05,christmas etymologie,,,,10,5,5,5,15,low,very low,,,,books,10-30,Very specific keyword with minimal demand.,,,,,
2026-08-05,christmas story kid,,,,30,20,25,20,35,high,medium,,,,books,10-25,Higher interest in children's Christmas stories suggests good potential.,,,,,
2026-08-05,christmas gifts 2026,,,,40,30,35,30,50,high,high,,,,gifts,20-100,Future-oriented keyword indicates planning for holiday shopping.,,,,,
2026-08-05,christmas gifts for mom,,,,50,40,45,40,60,high,high,,,,jewelry,30-100,Consistent demand for gifts targeting moms during the holidays.,,,,,
2026-08-05,christmas gifts for coworkers,,,,45,35,40,35,55,high,medium,,,,gift sets,15-50,Growing trend in workplace gifting during holidays suggests good potential.,,,,,
2026-08-05,christmas gifts for teens,,,,50,40,45,40,60,high,high,,,,gadgets,20-80,High demand for trendy gifts for teens during the holiday season.,,,,,
2026-08-05,christmas gifts ideas,,,,30,20,10,15,25,high,informational,,,,gift guides,free to low-cost,This keyword indicates a search for inspiration rather than specific products.,,,,,
2026-08-05,nightmare before christmas gifts,,,,40,50,30,25,35,medium,purchase,,,,themed merchandise,$10-$50,"This keyword targets fans of a specific movie, indicating a niche market.",,,,,
2026-08-05,toddler christmas gifts,,,,45,55,40,35,50,high,purchase,,,,toys and educational items,$15-$100,Parents frequently seek gifts for toddlers during the holiday season.,,,,,
2026-08-05,baby christmas gifts,,,,50,60,45,40,55,high,purchase,,,,clothing and toys,$10-$80,There is a strong market for gifts aimed at babies during Christmas.,,,,,
2026-08-05,bulk christmas gifts,,,,35,45,30,25,40,medium,purchase,,,,gift sets,$5-$30 per item,"This keyword suggests bulk purchasing, likely for events or parties.",,,,,
2026-08-05,christmas gifts for her,,,,60,70,50,55,65,high,purchase,,,,jewelry and accessories,$20-$200,A popular search for gifts aimed at women during the holiday season.,,,,,
2026-08-05,christmas gifts for couples,,,,55,65,50,50,60,high,purchase,,,,experience gifts,$30-$150,Couples often look for gifts to share during the holidays.,,,,,
2026-08-05,christmas gifts for wife,,,,65,75,55,60,70,high,purchase,,,,luxury items,$50-$300,A targeted search for gifts specifically for wives indicates strong buyer intent.,,,,,
2026-08-05,teacher christmas gifts,,,,30,20,25,15,40,high,gift,,,,gifts,medium,Specific to a niche audience during the holiday season.,,,,,
2026-08-05,christmas ornaments near me,,,,40,30,20,25,35,high,local purchase,,,,ornaments,low to medium,"Indicates a desire for immediate, local shopping options.",,,,,
2026-08-05,christmas ornaments nyc,,,,35,25,20,20,30,high,local purchase,,,,ornaments,low to medium,Targets a specific geographical area for holiday shopping.,,,,,
2026-08-05,christmas ornaments sale,,,,50,40,30,35,45,high,bargain,,,,ornaments,low,Appeals to budget-conscious consumers during the holiday season.,,,,,
2026-08-05,christmas ornaments personalized,,,,60,50,45,50,55,high,gift,,,,personalized ornaments,medium to high,"High demand for unique, customized holiday gifts.",,,,,
2026-08-05,christmas ornament storage box,,,,25,20,15,10,20,medium,practical purchase,,,,storage solutions,low to medium,Useful for customers looking to organize holiday decorations.,,,,,
2026-08-05,christmas ornaments to make,,,,30,25,20,15,25,medium,DIY,,,,DIY kits,low to medium,Appeals to craft enthusiasts looking for holiday projects.,,,,,
2026-08-05,christmas ornament kits,,,,40,30,35,30,40,medium,DIY,,,,craft kits,medium,Targets consumers interested in crafting their own holiday decorations.,,,,,
2026-08-05,vintage christmas ornaments,,,,30,20,10,15,25,high,gift,,,,ornaments,$10-$30,Niche appeal with moderate competition.,,,,,
2026-08-05,diamond art christmas ornaments,,,,25,15,10,10,20,high,craft,,,,ornaments,$15-$35,Emerging trend in DIY crafts with low competition.,,,,,
2026-08-05,christmas ornaments clearance,,,,35,30,20,25,30,high,bargain,,,,ornaments,$5-$20,High demand for discounted items during the season.,,,,,
2026-08-05,personalized christmas ornaments,,,,40,35,30,35,45,high,gift,,,,ornaments,$15-$40,Strong market for personalized gifts during holidays.,,,,,
2026-08-06,christmas gifts for women,,,,90,80,70,60,75,high,gift shopping,,,,gift sets,$20-$100,High demand for women's gifts during the holiday season.,,,,,
2026-08-06,christmas gifts for men,,,,90,80,70,60,75,high,gift shopping,,,,gadgets,$20-$100,High demand for men's gifts during the holiday season.,,,,,
2026-08-06,christmas tree,,,,70,60,50,40,55,high,decorating,,,,artificial trees,$50-$300,Essential item for holiday decoration.,,,,,
2026-08-06,christmas in july,,,,60,50,40,30,45,medium,celebration,,,,themed decorations,$10-$50,Growing trend for mid-year holiday celebrations.,,,,,
2026-08-06,christmas story,,,,50,40,30,20,35,low,entertainment,,,,books,$10-$30,Niche interest in holiday-themed stories.,,,,,
2026-08-06,christmas ornaments,,,,70,60,50,40,55,high,decorating,,,,custom ornaments,$5-$50,Popular item for personalizing Christmas trees.,,,,,
2026-08-06,christmas gifts for teen girls,,,,80,70,60,50,65,high,gift shopping,,,,trendy accessories,$15-$75,Targeted gifts for a specific demographic.,,,,,
2026-08-06,christmas gifts for kids,,,,80,70,60,50,65,high,gift shopping,,,,toys and games,$10-$100,High demand for children's gifts during the holiday season.,,,,,
2026-08-06,christmas gifts for girls,,,,70,60,50,55,65,high,purchase,,,,toys or accessories,$20-$50,"This keyword targets a specific audience looking for gifts, indicating strong buyer intent.",,,,,
2026-08-06,christmas ornament storage,,,,65,55,50,50,60,medium,purchase,,,,storage boxes or bags,$15-$30,This keyword addresses a practical need for organization during the holiday season.,,,,,
2026-08-06,christmas ornaments set,,,,70,60,55,60,65,high,purchase,,,,ornament sets,$25-$60,"Sets of ornaments are popular for decorating, indicating strong demand during the season.",,,,,
2026-08-06,christmas decorations outdoor,,,,75,65,60,65,70,high,purchase,,,,lights and inflatables,$30-$100,"Outdoor decorations are essential for holiday displays, showing high demand.",,,,,
2026-08-06,christmas decorations indoor,,,,75,65,60,65,70,high,purchase,,,,decorative items,$20-$80,"Indoor decorations are crucial for creating a festive atmosphere, indicating strong demand.",,,,,
2026-08-06,christmas decorations clearance,,,,60,70,50,55,55,medium,bargain hunting,,,,discounted decorations,$10-$30,"Clearance items attract budget-conscious shoppers, indicating a different buyer intent.",,,,,
2026-08-06,christmas,,,,80,90,70,75,50,high,general,,,,various holiday items,$10-$100,"As a broad term, it captures a wide audience but faces high competition.",,,,,
2026-08-06,christmas decorations,,,,80,90,70,75,50,high,general,,,,various decorations,$10-$100,"This keyword encompasses a wide range of products, indicating high demand and competition.",,,,,
2026-08-06,christmas gifts,,,,60,40,50,30,70,high,purchase,,,,gift sets,$20-$100,High demand for holiday gifts.,,,,,
2026-08-06,christmas ornament,,,,55,45,50,30,65,high,purchase,,,,personalized ornaments,$10-$50,Popular decorative item during the holidays.,,,,,
2026-08-06,christmas cactus,,,,40,30,20,25,50,medium,interest,,,,live plants,$15-$40,Unique plant associated with the holiday season.,,,,,
2026-08-06,christmas vacation,,,,35,25,15,20,40,medium,interest,,,,movie merchandise,$10-$30,Cultural reference to a popular holiday movie.,,,,,
2026-08-06,christmas movies,,,,45,35,30,25,55,high,interest,,,,movie bundles,$10-$50,High interest in holiday films during the season.,,,,,
2026-08-06,christmas vacation cast,,,,30,20,10,15,30,low,interest,,,,movie trivia,$5-$20,Niche interest in movie cast details.,,,,,
2026-08-06,christmas island,,,,25,15,5,10,20,low,interest,,,,travel guides,$10-$30,Limited interest in a specific location.,,,,,
2026-08-06,christmas 2026,,,,20,10,5,5,15,low,interest,,,,event planning tools,$5-$25,Future event planning with low current demand.,,,,,
2026-08-06,christmas fern,,,,20,10,15,10,25,seasonal,low,plants,natural,traditional,decorative plants,$10-$30,Limited cross-platform presence indicates niche interest.,,,,,
2026-08-06,christmas lights,,,,40,30,35,30,50,seasonal,high,lighting,LED,festive,string lights,$15-$50,High demand on Amazon suggests strong buyer interest.,,,,,
2026-08-06,christmas in july decorations,,,,30,20,25,20,40,seasonal,medium,decorations,various,themed,themed decorations,$10-$40,Niche market with specific seasonal appeal.,,,,,
2026-08-06,christmas decor,,,,50,40,45,40,60,seasonal,high,decor,various,festive,ornaments,$5-$100,Broad appeal and high demand during the holiday season.,,,,,
2026-08-06,nightmare before christmas,,,,35,25,30,25,45,seasonal,medium,merchandise,various,themed,themed merchandise,$10-$50,Cult following indicates consistent interest.,,,,,
2026-08-06,christmas tree storage bag,,,,25,15,20,15,35,seasonal,medium,storage,fabric,functional,storage solutions,$15-$40,Practical item with specific seasonal use.,,,,,
2026-08-06,christmas svg,,,,30,20,25,20,40,seasonal,high,digital designs,digital,graphic,digital downloads,$5-$15,Growing interest in digital designs for crafting.,,,,,
2026-08-06,christmas etymology,,,,10,5,10,5,15,year-round,low,educational,paper,informative,educational materials,$5-$20,Very niche topic with limited market interest.,,,,,
2026-08-06,christian,,,,20,10,15,10,25,seasonal,low,,,,decor,$20-$50,Limited presence on major platforms indicates niche interest.,,,,,
2026-08-06,christian shops,,,,20,10,15,10,25,seasonal,low,,,,gift items,$15-$40,Niche keyword with limited competition suggests potential for unique offerings.,,,,,
2026-08-06,christmas etymologie,,,,10,5,5,5,10,year-round,very low,,,,educational material,$5-$15,Very niche topic with minimal search interest.,,,,,
2026-08-06,christmas story kid,,,,30,20,25,20,35,seasonal,medium,,,,children's books,$10-$25,Appeals to parents looking for children's Christmas stories.,,,,,
2026-08-06,christmas gifts 2026,,,,40,30,35,30,45,seasonal,high,,,,gift sets,$20-$100,High search volume for upcoming holiday gifts indicates strong demand.,,,,,
2026-08-06,christmas gifts for mom,,,,50,40,45,40,55,seasonal,high,,,,personalized gifts,$30-$80,Consistent demand for gifts targeted at mothers during Christmas.,,,,,
2026-08-06,christmas gifts for coworkers,,,,45,35,40,35,50,seasonal,medium,,,,office gifts,$10-$50,Growing trend of office gifting during the holiday season.,,,,,
2026-08-06,christmas gifts for teens,,,,50,40,45,40,55,seasonal,high,,,,trendy gifts,$20-$60,High demand for gifts tailored to teenagers during Christmas.,,,,,
2026-08-06,christmas gifts ideas,,,,30,20,10,15,25,high,informational,,,,gift guides,varied,This keyword indicates a search for inspiration for Christmas gifts.,,,,,
2026-08-06,nightmare before christmas gifts,,,,40,50,30,20,35,medium,purchase,,,,themed merchandise,varied,This keyword targets fans of the movie looking for themed gifts.,,,,,
2026-08-06,toddler christmas gifts,,,,45,40,35,30,50,high,purchase,,,,toys and books,varied,Parents are actively searching for gifts suitable for toddlers.,,,,,
2026-08-06,baby christmas gifts,,,,50,45,40,35,55,high,purchase,,,,clothing and toys,varied,There is a strong market for gifts targeted at babies during the holidays.,,,,,
2026-08-06,bulk christmas gifts,,,,25,30,20,15,20,medium,purchase,,,,bulk gift sets,varied,This keyword suggests interest in buying gifts in larger quantities.,,,,,
2026-08-06,christmas gifts for her,,,,60,55,50,45,65,high,purchase,,,,jewelry and accessories,varied,This keyword targets buyers looking for gifts specifically for women.,,,,,
2026-08-06,christmas gifts for couples,,,,55,50,45,40,60,high,purchase,,,,experience gifts,varied,Couples are often looking for shared gifts during the holiday season.,,,,,
2026-08-06,christmas gifts for wife,,,,65,60,55,50,70,high,purchase,,,,luxury items,varied,This keyword indicates a strong intent to find gifts specifically for wives.,,,,,
2026-08-06,teacher christmas gifts,,,,20,30,10,15,25,high,gift,gifts,various,personalized,gifts,low to mid,Low cross-platform presence indicates niche demand.,,,,,
2026-08-06,christmas ornaments near me,,,,30,40,20,25,35,high,local purchase,ornaments,various,traditional,ornaments,low to mid,Local search indicates immediate buying intent.,,,,,
2026-08-06,christmas ornaments nyc,,,,25,35,15,20,30,high,local purchase,ornaments,various,urban,ornaments,low to mid,Specific location indicates targeted demand.,,,,,
2026-08-06,christmas ornaments sale,,,,35,45,30,40,50,high,bargain hunting,ornaments,various,discounted,ornaments,low,Sales indicate strong buyer interest during the season.,,,,,
2026-08-06,christmas ornaments personalized,,,,40,50,45,55,60,high,gift,ornaments,various,personalized,ornaments,mid to high,Personalization adds value and attracts buyers.,,,,,
2026-08-06,christmas ornament storage box,,,,15,25,10,15,20,medium,organizing,storage,various,functional,storage boxes,low to mid,Niche item with low competition but specific use.,,,,,
2026-08-06,christmas ornaments to make,,,,30,40,35,45,50,high,DIY,DIY,various,craft,craft kits,low to mid,Growing interest in DIY projects boosts demand.,,,,,
2026-08-06,christmas ornament kits,,,,35,45,40,50,55,high,DIY,DIY,various,craft,craft kits,low to mid,Kits are popular for hands-on holiday activities.,,,,,
2026-08-06,vintage christmas ornaments,,,,30,20,10,15,25,high,gift,,,,ornaments,medium,Specific vintage style appeals to collectors and gift buyers.,,,,,
2026-08-06,diamond art christmas ornaments,,,,25,15,20,10,30,high,craft,,,,ornaments,low,Emerging trend in DIY crafts attracts hobbyists.,,,,,
2026-08-06,christmas ornaments clearance,,,,40,35,15,20,10,high,bargain,,,,ornaments,low,Clearance items attract price-sensitive shoppers.,,,,,
2026-08-06,personalized christmas ornaments,,,,50,40,30,25,35,high,gift,,,,ornaments,medium,High demand for personalized gifts during holidays.,,,,,
2026-08-06,christmas gifts for women,,,,90,80,70,75,85,high,purchase,,,,gift sets,$20-$100,High demand for gifts tailored to women during the holiday season.,,,,,
2026-08-06,christmas gifts for men,,,,90,80,70,75,85,high,purchase,,,,gadgets,$20-$100,Consistent demand for gifts tailored to men during Christmas.,,,,,
2026-08-06,christmas tree,,,,80,70,60,65,75,high,purchase,,,,artificial trees,$50-$300,Essential item for holiday decoration with steady demand.,,,,,
2026-08-06,christmas in july,,,,60,50,55,50,65,medium,purchase,,,,themed decorations,$10-$50,Niche market for mid-year holiday celebrations.,,,,,
2026-08-06,christmas story,,,,70,60,50,55,60,medium,purchase,,,,books and memorabilia,$15-$75,Popular theme for holiday decor and gifts.,,,,,
2026-08-06,christmas ornaments,,,,80,70,65,70,75,high,purchase,,,,decorative ornaments,$5-$50,Essential for tree decoration with consistent demand.,,,,,
2026-08-06,christmas gifts for teen girls,,,,75,65,70,60,70,high,purchase,,,,trendy accessories,$10-$60,Growing market for gifts aimed at teen girls during Christmas.,,,,,
2026-08-06,christmas gifts for kids,,,,85,75,70,75,80,high,purchase,,,,toys and games,$10-$100,High demand for children's gifts during the holiday season.,,,,,
2026-08-06,christmas gifts for girls,,,,60,40,50,50,70,high,gift shopping,,,,toys or accessories,$20-$50,"This keyword targets a specific audience looking for gifts, indicating strong buyer intent.",,,,,
2026-08-06,christmas ornament storage,,,,55,45,50,50,65,moderate,home organization,,,,storage bins or boxes,$15-$30,"This keyword addresses a practical need for organizing Christmas ornaments, appealing to homeowners.",,,,,
2026-08-06,christmas ornaments set,,,,60,50,55,55,70,high,decor shopping,,,,ornament sets,$25-$60,"Sets of ornaments are popular for decorating, indicating strong seasonal demand.",,,,,
2026-08-06,christmas decorations outdoor,,,,65,55,60,60,75,high,decor shopping,,,,outdoor lights or inflatables,$30-$100,"Outdoor decorations are in high demand during the holiday season, appealing to homeowners.",,,,,
2026-08-06,christmas decorations indoor,,,,65,55,60,60,75,high,decor shopping,,,,indoor ornaments or garlands,$20-$70,"Indoor decorations are essential for holiday celebrations, indicating strong seasonal demand.",,,,,
2026-08-06,christmas decorations clearance,,,,50,60,40,45,50,post-season,bargain hunting,,,,discounted decorations,$5-$30,Clearance items attract budget-conscious shoppers after the holiday season.,,,,,
2026-08-06,christmas,,,,70,80,60,70,50,very high,general holiday shopping,,,,various Christmas items,$10-$100,The broad term 'Christmas' has high demand but also high competition.,,,,,
2026-08-06,christmas decorations,,,,75,85,65,75,55,very high,decor shopping,,,,decorative items,$20-$100,"High demand for decorations during the holiday season, but with significant competition.",,,,,
2026-08-06,christmas gifts,,,,60,40,50,30,70,high,purchase,,,,gift sets,$20-$100,High demand for holiday gifts.,,,,,
2026-08-06,christmas ornament,,,,55,45,50,30,65,high,purchase,,,,personalized ornaments,$10-$50,Popular item for holiday decorations.,,,,,
2026-08-06,christmas cactus,,,,40,30,50,20,60,medium,purchase,,,,potted plants,$15-$40,Unique plant gift for the holidays.,,,,,
2026-08-06,christmas vacation,,,,35,25,30,15,50,medium,information,,,,travel guides,$10-$30,Interest in holiday travel experiences.,,,,,
2026-08-06,christmas movies,,,,45,35,40,25,55,high,entertainment,,,,movie collections,$5-$50,High interest in holiday-themed films.,,,,,
2026-08-06,christmas vacation cast,,,,30,20,25,10,40,low,information,,,,movie memorabilia,$10-$30,Niche interest in movie details.,,,,,
2026-08-06,christmas island,,,,25,15,20,5,30,low,information,,,,travel guides,$10-$30,Limited interest in specific locations.,,,,,
2026-08-06,christmas 2026,,,,20,10,15,5,25,low,information,,,,event planning guides,$5-$20,Future planning for holiday events.,,,,,
2026-08-06,christmas fern,,,,20,10,15,10,25,seasonal,low,seasonal decor,plant,natural,decorative plants,low,Limited presence on major platforms indicates niche interest.,,,,,
2026-08-06,christmas lights,,,,60,50,40,30,35,seasonal,high,lighting,electrical,decorative,string lights,medium,High demand on Amazon suggests strong buyer interest.,,,,,
2026-08-06,christmas in july decorations,,,,50,40,30,25,30,seasonal,medium,event decor,varied,themed,themed decorations,medium,Specific seasonal event suggests targeted interest.,,,,,
2026-08-06,christmas decor,,,,70,60,50,40,45,seasonal,high,seasonal decor,varied,traditional,ornaments,medium,Broad appeal indicates significant market potential.,,,,,
2026-08-06,nightmare before christmas,,,,55,45,35,30,40,seasonal,medium,themed merchandise,varied,pop culture,themed merchandise,medium,Cult following suggests steady interest year-round.,,,,,
2026-08-06,christmas tree storage bag,,,,40,30,25,20,30,seasonal,medium,storage,fabric,functional,storage solutions,low,Practical product with specific seasonal use.,,,,,
2026-08-06,christmas svg,,,,30,20,25,15,35,seasonal,medium,digital designs,digital,graphic,digital downloads,low,Niche market for digital designs indicates potential.,,,,,
2026-08-06,christmas etymology,,,,10,5,10,5,15,seasonal,low,educational,paper,informative,educational materials,low,Low interest suggests limited market potential.,,,,,
2026-08-06,christian,,,,20,10,15,10,25,seasonal,low,,,,decor,low,Limited presence on major platforms indicates niche interest.,,,,,
2026-08-06,christian shops,,,,20,10,15,10,25,seasonal,low,,,,gift items,medium,Niche keyword with limited competition suggests potential.,,,,,
2026-08-06,christmas etymologie,,,,15,5,10,5,20,non-seasonal,very low,,,,educational material,low,Very niche interest with minimal competition.,,,,,
2026-08-06,christmas story kid,,,,30,20,25,20,35,seasonal,medium,,,,storybooks,medium,Higher demand for children's Christmas stories indicates good potential.,,,,,
2026-08-06,christmas gifts 2026,,,,40,30,35,30,45,seasonal,high,,,,gift items,medium to high,Future-oriented gifts suggest strong planning and demand.,,,,,
2026-08-06,christmas gifts for mom,,,,50,40,45,40,55,seasonal,high,,,,personalized gifts,medium to high,Consistently high demand for gifts targeted at mothers.,,,,,
2026-08-06,christmas gifts for coworkers,,,,45,35,40,35,50,seasonal,high,,,,office gifts,medium,Strong interest in workplace gifting during the holidays.,,,,,
2026-08-06,christmas gifts for teens,,,,55,45,50,45,60,seasonal,high,,,,trendy gifts,medium,High demand for gifts tailored to teenagers during the holiday season.,,,,,
2026-08-06,christmas gifts ideas,,,,20,10,15,10,25,high,low,,,,gift guides,varied,Limited presence on major platforms indicates lower competition.,,,,,
2026-08-06,nightmare before christmas gifts,,,,30,40,25,20,35,medium,medium,,,,themed merchandise,low to mid,Specific niche with moderate demand on Amazon.,,,,,
2026-08-06,toddler christmas gifts,,,,30,40,25,20,35,high,high,,,,toys and educational items,low to mid,High demand for toddler gifts during the holiday season.,,,,,
2026-08-06,baby christmas gifts,,,,30,40,25,20,35,high,high,,,,baby toys and clothing,low to mid,Consistent demand for baby gifts during the holiday season.,,,,,
2026-08-06,bulk christmas gifts,,,,25,30,20,15,30,medium,medium,,,,gift sets,varied,"Appealing for businesses or events, but niche market.",,,,,
2026-08-06,christmas gifts for her,,,,30,40,25,20,35,high,high,,,,jewelry and accessories,mid to high,Popular category with consistent demand on Etsy.,,,,,
2026-08-06,christmas gifts for couples,,,,30,40,25,20,35,high,high,,,,matching gifts,mid to high,Consistent demand for couple-themed gifts during holidays.,,,,,
2026-08-06,christmas gifts for wife,,,,30,40,25,20,35,high,high,,,,personalized gifts,mid to high,High demand for thoughtful gifts for wives during holidays.,,,,,
2026-08-06,teacher christmas gifts,,,,30,20,10,15,25,high,gift shopping,,,,gifts,low to medium,Niche market for teacher gifts during the holiday season.,,,,,
2026-08-06,christmas ornaments near me,,,,40,30,20,25,35,high,local shopping,,,,ornaments,low to medium,People are looking for local options for holiday decorations.,,,,,
2026-08-06,christmas ornaments nyc,,,,35,25,15,20,30,high,local shopping,,,,ornaments,medium,"Specific to a major city, indicating a localized demand.",,,,,
2026-08-06,christmas ornaments sale,,,,50,40,30,35,45,high,bargain hunting,,,,ornaments,low to medium,High interest in discounted holiday items.,,,,,
2026-08-06,christmas ornaments personalized,,,,60,50,40,45,55,high,gift shopping,,,,ornaments,medium to high,Personalized items are highly sought after for gifts.,,,,,
2026-08-06,christmas ornament storage box,,,,20,15,10,15,20,medium,organizational,,,,storage box,low to medium,Practical item for post-holiday storage.,,,,,
2026-08-06,christmas ornaments to make,,,,45,35,25,30,40,high,DIY enthusiasts,,,,DIY kits,low to medium,Growing interest in DIY projects during the holiday season.,,,,,
2026-08-06,christmas ornament kits,,,,50,40,30,35,45,high,DIY enthusiasts,,,,craft kits,medium,High demand for kits that simplify the crafting process.,,,,,
2026-08-06,vintage christmas ornaments,,,,30,20,10,15,25,high,low,vintage,glass,traditional,ornaments,$10-$30,Limited platform presence suggests niche interest.,,,,,
2026-08-06,diamond art christmas ornaments,,,,30,20,10,15,25,high,low,craft,acrylic,modern,ornaments,$15-$35,Specific craft interest with limited competition.,,,,,
2026-08-06,christmas ornaments clearance,,,,30,20,10,15,25,high,low,clearance,varied,varied,ornaments,$5-$15,Clearance suggests a focus on price-sensitive buyers.,,,,,
2026-08-06,personalized christmas ornaments,,,,30,20,10,15,25,high,medium,personalized,ceramic,custom,ornaments,$10-$25,Personalization adds value but faces competition.,,,,,
2026-08-06,christmas gifts for women,,,,90,80,70,75,85,high,high,,,,gift sets,$20-$100,This keyword shows strong demand across multiple platforms.,,,,,
2026-08-06,christmas gifts for men,,,,90,80,70,75,85,high,high,,,,gadgets,$20-$100,This keyword shows strong demand across multiple platforms.,,,,,
2026-08-06,christmas tree,,,,75,70,60,65,70,high,medium,,,,artificial trees,$50-$200,This keyword is popular for holiday decor.,,,,,
2026-08-06,christmas in july,,,,65,60,50,55,60,medium,medium,,,,holiday-themed items,$10-$50,This keyword indicates a niche holiday shopping trend.,,,,,
2026-08-06,christmas story,,,,70,65,55,60,65,medium,medium,,,,themed merchandise,$15-$75,This keyword relates to a popular holiday movie theme.,,,,,
2026-08-06,christmas ornaments,,,,80,75,65,70,75,high,high,,,,decorative ornaments,$5-$30,This keyword is essential for holiday decorations.,,,,,
2026-08-06,christmas gifts for teen girls,,,,85,75,65,70,80,high,high,,,,trendy accessories,$10-$50,This keyword targets a specific and popular demographic.,,,,,
2026-08-06,christmas gifts for kids,,,,85,75,65,70,80,high,high,,,,toys and games,$10-$100,This keyword appeals to parents looking for gifts.,,,,,
2026-08-06,christmas gifts for girls,,,,70,60,50,50,65,high,purchase,,,,toys or accessories,$20-$50,"This keyword targets a specific audience looking for gifts, indicating strong buyer intent.",,,,,
2026-08-06,christmas ornament storage,,,,65,55,50,50,60,medium,purchase,,,,storage boxes or bags,$15-$30,"This keyword indicates a practical need for organizing Christmas ornaments, appealing to buyers post-holiday.",,,,,
2026-08-06,christmas ornaments set,,,,70,60,55,50,65,high,purchase,,,,ornament sets,$25-$60,"Sets of ornaments are popular during the holiday season, indicating strong demand.",,,,,
2026-08-06,christmas decorations outdoor,,,,75,65,60,55,70,high,purchase,,,,lights and inflatables,$30-$100,"Outdoor decorations are highly sought after during Christmas, indicating strong buyer intent.",,,,,
2026-08-06,christmas decorations indoor,,,,75,65,60,55,70,high,purchase,,,,decorative items,$20-$80,"Indoor decorations are essential for holiday ambiance, indicating strong demand.",,,,,
2026-08-06,christmas decorations clearance,,,,60,70,50,50,55,medium,bargain,,,,discounted decorations,$10-$30,"Clearance items attract budget-conscious shoppers, indicating a different buyer intent.",,,,,
2026-08-06,christmas,,,,80,90,70,60,50,high,general,,,,various Christmas items,$10-$100,"As a broad term, it encompasses a wide range of products, indicating high demand but also high competition.",,,,,
2026-08-06,christmas decorations,,,,80,90,70,60,50,high,general,,,,various decorations,$10-$100,"This keyword is also broad, indicating high demand and competition for various decoration items.",,,,,
2026-08-06,christmas gifts,,,,60,40,50,50,55,high,purchase,,,,gift items,$20-$100,Christmas gifts are a popular search term on Amazon.,,,,,
2026-08-06,christmas ornament,,,,65,45,55,50,60,high,purchase,,,,decorative ornaments,$10-$50,Christmas ornaments are frequently searched for during the holiday season.,,,,,
2026-08-06,christmas cactus,,,,30,20,25,20,25,low,interest,,,,houseplants,$5-$30,Christmas cactus is a niche plant with limited demand.,,,,,
2026-08-06,christmas vacation,,,,40,30,35,30,35,medium,interest,,,,travel accessories,$15-$75,Christmas vacation is a popular theme but less focused on products.,,,,,
2026-08-06,christmas movies,,,,50,35,40,35,40,medium,interest,,,,movie merchandise,$10-$50,Christmas movies have a broad appeal but are not product-focused.,,,,,
2026-08-06,christmas vacation cast,,,,25,15,20,15,20,low,interest,,,,movie memorabilia,$10-$40,This keyword is more informational and less product-oriented.,,,,,
2026-08-06,christmas island,,,,20,10,15,10,15,low,interest,,,,travel guides,$5-$25,Christmas island is a niche topic with limited product relevance.,,,,,
2026-08-06,christmas 2026,,,,15,5,10,5,10,low,interest,,,,future event planning,$10-$50,This keyword indicates a future event with low current demand.,,,,,
2026-08-06,christmas fern,,,,10,10,20,10,10,seasonal,low,,,,decorative plant,low,Limited presence across platforms suggests niche interest.,,,,,
2026-08-06,christmas lights,,,,30,40,30,30,20,seasonal,high,,,,string lights,medium,High demand for decorative lighting during the holiday season.,,,,,
2026-08-06,christmas in july decorations,,,,20,30,25,20,15,seasonal,medium,,,,themed decorations,medium,Niche market for mid-year holiday celebrations.,,,,,
2026-08-06,christmas decor,,,,40,50,40,40,30,seasonal,high,,,,ornaments,medium,Broad interest in holiday decorations across various platforms.,,,,,
2026-08-06,nightmare before christmas,,,,25,35,30,25,20,seasonal,medium,,,,merchandise,medium,Cult following for the movie creates steady demand for themed products.,,,,,
2026-08-06,christmas tree storage bag,,,,20,25,20,20,15,seasonal,medium,,,,storage solution,medium,Practical item with limited competition but steady need.,,,,,
2026-08-06,christmas svg,,,,15,20,25,15,10,seasonal,low,,,,digital files,low,Niche market for digital designs with limited demand.,,,,,
2026-08-06,christmas etymology,,,,5,5,10,5,5,year-round,very low,,,,educational content,low,Very niche interest with minimal demand.,,,,,
2026-08-06,christian,,,,20,10,15,10,25,low,low,,,,decor,$10-$30,Limited presence on major platforms indicates niche interest.,,,,,
2026-08-06,christian shops,,,,20,10,15,10,25,low,low,,,,gifts,$10-$50,"Specific to Etsy, indicating a niche market.",,,,,
2026-08-06,christmas etymologie,,,,15,5,10,5,20,low,low,,,,books,$5-$20,Niche educational interest with minimal competition.,,,,,
2026-08-06,christmas story kid,,,,25,15,20,15,30,high,medium,,,,books,$10-$25,Appeals to parents looking for children's stories during Christmas.,,,,,
2026-08-06,christmas gifts 2026,,,,30,20,25,20,35,high,high,,,,gifts,$10-$100,"Specific to upcoming holiday season, indicating strong demand.",,,,,
2026-08-06,christmas gifts for mom,,,,40,30,35,30,40,high,high,,,,jewelry,$20-$100,Consistently popular search for thoughtful gifts.,,,,,
2026-08-06,christmas gifts for coworkers,,,,35,25,30,25,35,high,medium,,,,office supplies,$10-$50,Practical gifts for workplace relationships are in demand.,,,,,
2026-08-06,christmas gifts for teens,,,,45,35,40,35,45,high,high,,,,tech gadgets,$20-$200,Teens are a key demographic for gift-giving during holidays.,,,,,
2026-08-06,christmas gifts ideas,,,,20,10,15,10,25,high,low,,,,gift guides,varied,Limited platform presence indicates lower competition.,,,,,
2026-08-06,nightmare before christmas gifts,,,,30,40,25,20,35,medium,high,,,,themed merchandise,mid-range,Strong niche interest in a popular theme.,,,,,
2026-08-06,toddler christmas gifts,,,,30,40,25,20,35,high,high,,,,toys and educational items,varied,Consistent demand for gifts targeted at toddlers.,,,,,
2026-08-06,baby christmas gifts,,,,30,40,25,20,35,high,high,,,,clothing and toys,varied,High interest in gifts for babies during the holiday season.,,,,,
2026-08-06,bulk christmas gifts,,,,25,30,20,15,30,high,medium,,,,bulk gift sets,low to mid-range,Appeals to businesses and organizations for gifting.,,,,,
2026-08-06,christmas gifts for her,,,,30,40,25,20,35,high,high,,,,jewelry and accessories,mid to high-range,High demand for gifts specifically for women.,,,,,
2026-08-06,christmas gifts for couples,,,,30,40,25,20,35,high,high,,,,experience gifts,mid to high-range,Popular gift category for couples during the holidays.,,,,,
2026-08-06,christmas gifts for wife,,,,30,40,25,20,35,high,high,,,,personalized gifts,mid to high-range,Strong demand for thoughtful gifts for wives.,,,,,
2026-08-06,teacher christmas gifts,,,,30,20,40,20,50,high,gift shopping,,,,gift sets,$20-$50,Niche market for teacher gifts during Christmas.,,,,,
2026-08-06,christmas ornaments near me,,,,40,30,20,30,40,high,local shopping,,,,local artisan ornaments,$10-$30,People are looking for local options for ornaments.,,,,,
2026-08-06,christmas ornaments nyc,,,,35,25,20,25,45,high,local shopping,,,,unique NYC-themed ornaments,$15-$40,"Specific to NYC, indicating a localized demand.",,,,,
2026-08-06,christmas ornaments sale,,,,50,40,30,35,55,high,bargain hunting,,,,discounted ornaments,$5-$25,High interest in discounted ornaments during the holiday season.,,,,,
2026-08-06,christmas ornaments personalized,,,,60,50,70,60,65,high,gift shopping,,,,customizable ornaments,$15-$35,Personalized items are highly sought after for gifting.,,,,,
2026-08-06,christmas ornament storage box,,,,25,20,15,20,30,medium,organization,,,,storage boxes,$10-$30,"Practical item for ornament storage, but niche demand.",,,,,
2026-08-06,christmas ornaments to make,,,,45,35,50,40,55,high,DIY enthusiasts,,,,DIY ornament kits,$10-$25,Growing interest in DIY projects for the holidays.,,,,,
2026-08-06,christmas ornament kits,,,,50,40,60,50,60,high,crafting,,,,craft kits,$15-$30,High demand for kits that simplify the crafting process.,,,,,
2026-08-06,vintage christmas ornaments,,,,30,20,10,15,25,high,low,,,,ornaments,$10-$30,Limited platform presence indicates niche demand.,,,,,
2026-08-06,diamond art christmas ornaments,,,,25,15,5,10,20,high,low,,,,ornaments,$15-$40,Niche product with limited competition.,,,,,
2026-08-06,christmas ornaments clearance,,,,35,30,20,25,30,high,medium,,,,ornaments,$5-$20,Clearance items attract budget-conscious buyers.,,,,,
2026-08-06,personalized christmas ornaments,,,,40,35,30,35,40,high,high,,,,ornaments,$15-$50,High demand for personalized gifts during the season.,,,,,
2026-08-06,christmas gifts for women,,,,90,80,70,75,85,high,purchase,,,,gift sets,$20-$100,High demand for gifts specifically for women during the holiday season.,,,,,
2026-08-06,christmas gifts for men,,,,90,80,70,75,85,high,purchase,,,,grooming kits,$20-$100,High demand for gifts specifically for men during the holiday season.,,,,,
2026-08-06,christmas tree,,,,80,70,60,65,75,high,purchase,,,,artificial trees,$50-$300,Essential item for holiday decoration with consistent demand.,,,,,
2026-08-06,christmas in july,,,,70,60,65,60,70,medium,purchase,,,,themed decorations,$10-$50,Growing trend for mid-year holiday celebrations.,,,,,
2026-08-06,christmas story,,,,70,50,55,60,65,high,purchase,,,,movie memorabilia,$15-$75,Nostalgic theme with potential for themed merchandise.,,,,,
2026-08-06,christmas ornaments,,,,80,70,65,70,80,high,purchase,,,,handmade ornaments,$5-$30,Popular decorative items with high seasonal demand.,,,,,
2026-08-06,christmas gifts for teen girls,,,,80,75,70,75,80,high,purchase,,,,trendy accessories,$10-$50,Targeted gifts for a specific demographic with high interest.,,,,,
2026-08-06,christmas gifts for kids,,,,85,80,75,80,85,high,purchase,,,,toys and games,$10-$100,Consistently high demand for children's gifts during the holidays.,,,,,
2026-08-06,christmas gifts for girls,,,,70,60,50,40,65,high,gift shopping,,,,toys or accessories,$10-$50,"This keyword targets a specific audience looking for gifts, indicating strong buyer intent.",,,,,
2026-08-06,christmas ornament storage,,,,60,50,55,45,60,medium,organizational needs,,,,storage boxes or bags,$15-$40,"Focuses on a practical need for storing ornaments, appealing to organized consumers.",,,,,
2026-08-06,christmas ornaments set,,,,65,55,50,45,62,high,decorating,,,,ornament sets,$20-$60,"This keyword suggests a bundle purchase for holiday decorating, indicating strong demand.",,,,,
2026-08-06,christmas decorations outdoor,,,,70,65,60,55,68,high,home improvement,,,,outdoor lights and inflatables,$30-$100,"Targets consumers looking to enhance outdoor spaces for the holidays, indicating a strong market.",,,,,
2026-08-06,christmas decorations indoor,,,,75,70,65,60,72,high,home decorating,,,,indoor ornaments and garlands,$15-$75,High demand for indoor decorations during the holiday season indicates strong buyer intent.,,,,,
2026-08-06,christmas decorations clearance,,,,50,45,40,35,48,medium,bargain hunting,,,,clearance decorations,$5-$30,"Focuses on discounted items, appealing to budget-conscious consumers.",,,,,
2026-08-06,christmas,,,,80,90,70,60,75,very high,general holiday shopping,,,,various holiday items,$10-$100,Broad appeal across various products makes this keyword highly competitive.,,,,,
2026-08-06,christmas decorations,,,,85,85,75,65,80,very high,decorating for the holiday,,,,decorative items,$10-$100,High demand for decorations during the holiday season indicates strong buyer intent.,,,,,
2026-08-06,christmas gifts,,,,60,40,50,30,70,high,purchase,,,,gift sets,mid,High demand for gift items during the holiday season.,,,,,
2026-08-06,christmas ornament,,,,65,35,55,40,75,high,purchase,,,,custom ornaments,low-mid,Ornaments are popular for decorating during Christmas.,,,,,
2026-08-06,christmas cactus,,,,40,30,50,20,60,medium,purchase,,,,live plants,low,Unique plant gift option for the holiday season.,,,,,
2026-08-06,christmas vacation,,,,30,20,40,10,50,medium,informational,,,,travel guides,medium,Interest in holiday travel and movie themes.,,,,,
2026-08-06,christmas movies,,,,50,30,60,20,65,high,entertainment,,,,movie collections,low-mid,High interest in holiday-themed movies.,,,,,
2026-08-06,christmas vacation cast,,,,20,10,30,5,40,low,informational,,,,movie memorabilia,medium,Niche interest in movie details.,,,,,
2026-08-06,christmas island,,,,15,5,25,5,30,low,informational,,,,travel guides,medium,Limited interest in specific locations.,,,,,
2026-08-06,christmas 2026,,,,25,15,35,10,45,medium,informational,,,,event planning guides,medium,Future planning for the holiday season.,,,,,
2026-08-06,christmas fern,,,,10,10,20,10,15,seasonal,low,plants,natural,decorative,decorative plants,low,Limited presence indicates niche interest.,,,,,
2026-08-06,christmas lights,,,,30,40,25,30,35,seasonal,high,decorations,electric,holiday,string lights,medium,High demand for holiday decorations.,,,,,
2026-08-06,christmas in july decorations,,,,20,25,15,20,30,seasonal,medium,decorations,varied,themed,themed decorations,medium,Growing trend for mid-year celebrations.,,,,,
2026-08-06,christmas decor,,,,40,50,30,40,45,seasonal,high,decorations,varied,holiday,ornaments,medium,Broad category with consistent demand.,,,,,
2026-08-06,nightmare before christmas,,,,25,35,20,25,30,seasonal,medium,merchandise,varied,themed,themed merchandise,medium,Cult following indicates consistent interest.,,,,,
2026-08-06,christmas tree storage bag,,,,15,20,10,15,20,seasonal,low,storage,fabric,functional,storage solutions,low,Specific utility product with limited appeal.,,,,,
2026-08-06,christmas svg,,,,30,30,25,30,35,seasonal,medium,digital products,digital,graphic,digital downloads,low,Popular among crafters for digital designs.,,,,,
2026-08-06,christmas etymology,,,,5,5,10,5,10,year-round,low,educational,paper,informative,educational materials,low,Niche interest with limited commercial potential.,,,,,
2026-08-06,christian,,,,10,20,5,5,15,year-round,low,religious decor,wood,rustic,decor,$20-$50,Appears only on Etsy with low demand signals.,,,,,
2026-08-06,christian shops,,,,10,20,5,5,15,year-round,low,religious gifts,various,traditional,gift items,$10-$30,Limited to Etsy with low search demand.,,,,,
2026-08-06,christmas etymologie,,,,5,10,5,5,10,seasonal,very low,educational,paper,informative,educational materials,$5-$15,Niche keyword with minimal demand on Etsy.,,,,,
2026-08-06,christmas story kid,,,,15,25,10,10,20,seasonal,medium,children's books,paper,illustrated,storybooks,$10-$20,Appeals to parents looking for children's Christmas stories.,,,,,
2026-08-06,christmas gifts 2026,,,,20,30,15,10,25,seasonal,high,gifts,various,varied,gift items,$15-$50,High relevance for upcoming holiday shopping.,,,,,
2026-08-06,christmas gifts for mom,,,,25,35,20,15,30,seasonal,high,gifts for mom,various,personalized,personalized gifts,$20-$100,Popular search for thoughtful gifts for mothers.,,,,,
2026-08-06,christmas gifts for coworkers,,,,20,30,15,10,25,seasonal,medium,office gifts,various,professional,office gifts,$10-$30,Common search for workplace gift exchanges.,,,,,
2026-08-06,christmas gifts for teens,,,,20,30,15,10,25,seasonal,medium,gifts for teens,various,trendy,trendy gifts,$15-$50,Relevant for gift shopping for teenagers.,,,,,
2026-08-06,christmas gifts ideas,,,,20,10,15,10,25,high,low,,,,gift guides,low,Limited to Google with low competition indicates niche interest.,,,,,
2026-08-06,nightmare before christmas gifts,,,,30,40,25,20,35,medium,high,,,,themed merchandise,medium,Strong presence on Amazon indicates a dedicated fan base.,,,,,
2026-08-06,toddler christmas gifts,,,,30,40,25,20,35,high,high,,,,toys and books,medium,Popular category on Amazon suggests strong demand for toddler gifts.,,,,,
2026-08-06,baby christmas gifts,,,,30,40,25,20,35,high,high,,,,baby toys and clothing,medium,"Similar to toddler gifts, indicating a strong market for baby gifts.",,,,,
2026-08-06,bulk christmas gifts,,,,25,30,20,15,30,medium,medium,,,,gift sets,low to medium,Appeals to businesses or large families looking for deals.,,,,,
2026-08-06,christmas gifts for her,,,,30,50,25,20,40,high,high,,,,jewelry and accessories,medium to high,Strong presence on Etsy suggests a popular niche for gifts for women.,,,,,
2026-08-06,christmas gifts for couples,,,,30,50,25,20,40,high,high,,,,couple experiences and items,medium to high,"Popular on Etsy, indicating a strong market for couple-oriented gifts.",,,,,
2026-08-06,christmas gifts for wife,,,,30,50,25,20,40,high,high,,,,personalized gifts,medium to high,High interest on Etsy indicates a strong market for gifts for wives.,,,,,
2026-08-06,teacher christmas gifts,,,,30,20,10,15,25,high,gift,,,,gifts,low to mid,This keyword targets a specific audience looking for Christmas gifts for teachers.,,,,,
2026-08-06,christmas ornaments near me,,,,40,30,20,25,35,high,purchase,,,,ornaments,low to mid,Local search indicates immediate buying intent for Christmas ornaments.,,,,,
2026-08-06,christmas ornaments nyc,,,,35,25,15,20,30,high,purchase,,,,ornaments,low to mid,"Specific to NYC, indicating a localized demand for ornaments.",,,,,
2026-08-06,christmas ornaments sale,,,,50,40,30,35,45,high,bargain,,,,ornaments,low to mid,Indicates a strong interest in discounted Christmas ornaments.,,,,,
2026-08-06,christmas ornaments personalized,,,,60,50,40,45,55,high,gift,,,,ornaments,mid to high,High demand for personalized ornaments suggests a strong gift market.,,,,,
2026-08-06,christmas ornament storage box,,,,25,20,15,10,20,medium,utility,,,,storage boxes,low to mid,"Focuses on storage solutions, indicating a niche market.",,,,,
2026-08-06,christmas ornaments to make,,,,45,35,25,30,40,high,DIY,,,,craft kits,low to mid,"Appeals to the DIY market, indicating a creative audience.",,,,,
2026-08-06,christmas ornament kits,,,,50,40,30,35,45,high,DIY,,,,craft kits,low to mid,Strong interest in kits suggests a growing DIY market for ornaments.,,,,,
2026-08-06,vintage christmas ornaments,,,,30,20,10,15,25,high,gift,,,,ornaments,$10-$30,Limited cross-platform presence indicates niche demand.,,,,,
2026-08-06,diamond art christmas ornaments,,,,25,15,10,10,20,high,hobbyist,,,,ornaments,$15-$35,Emerging trend with low competition suggests potential.,,,,,
2026-08-06,christmas ornaments clearance,,,,35,30,20,25,30,high,bargain,,,,ornaments,$5-$15,"Clearance items attract price-sensitive buyers, indicating demand.",,,,,
2026-08-06,personalized christmas ornaments,,,,40,35,30,35,40,high,gift,,,,ornaments,$10-$50,High demand for personalized items indicates strong buyer interest.,,,,,
2026-08-07,christmas gifts for women,,,,90,80,70,75,85,high,high,,,,gift sets,$20-$100,This keyword targets a specific audience during a peak shopping season.,,,,,
2026-08-07,christmas gifts for men,,,,88,78,68,74,82,high,high,,,,gadgets,$25-$150,This keyword also targets a specific audience during the holiday season.,,,,,
2026-08-07,christmas tree,,,,85,75,65,70,80,high,medium,,,,artificial trees,$50-$300,"A fundamental element of Christmas, with consistent demand.",,,,,
2026-08-07,christmas in july,,,,70,60,50,55,65,medium,medium,,,,holiday decorations,$10-$50,This keyword captures a niche market for mid-year holiday celebrations.,,,,,
2026-08-07,christmas story,,,,75,65,55,60,70,high,medium,,,,books and movies,$5-$30,This keyword relates to a popular cultural reference during Christmas.,,,,,
2026-08-07,christmas ornaments,,,,80,70,60,65,75,high,high,,,,decorative ornaments,$10-$50,"Ornaments are essential for Christmas tree decoration, ensuring steady demand.",,,,,
2026-08-07,christmas gifts for teen girls,,,,78,68,58,63,72,high,high,,,,trendy accessories,$15-$75,Targeting a specific demographic with unique gift preferences.,,,,,
2026-08-07,christmas gifts for kids,,,,80,70,60,65,75,high,high,,,,toys and games,$10-$100,Gifts for kids are always in demand during the holiday season.,,,,,
2026-08-07,christmas gifts for girls,,,,60,40,50,55,65,high,purchase,,,,toys and games,$20-$50,"This keyword targets a specific audience looking for gifts, indicating strong buyer intent.",,,,,
2026-08-07,christmas ornament storage,,,,55,45,50,50,60,medium,purchase,,,,storage solutions,$15-$30,"This keyword addresses a practical need for organizing ornaments, appealing to holiday decorators.",,,,,
2026-08-07,christmas ornaments set,,,,60,50,55,60,70,high,purchase,,,,decorative ornaments,$25-$60,"Sets of ornaments are popular for holiday decorating, indicating strong demand.",,,,,
2026-08-07,christmas decorations outdoor,,,,65,55,60,65,75,high,purchase,,,,outdoor lights and decor,$30-$100,"Outdoor decorations are essential for festive displays, suggesting high buyer interest.",,,,,
2026-08-07,christmas decorations indoor,,,,65,55,60,65,75,high,purchase,,,,indoor decor items,$20-$70,"Indoor decorations are crucial for holiday ambiance, indicating strong demand.",,,,,
2026-08-07,christmas decorations clearance,,,,50,60,45,50,55,medium,bargain hunting,,,,discounted decorations,$10-$30,"Clearance items attract budget-conscious shoppers, indicating moderate demand.",,,,,
2026-08-07,christmas,,,,70,80,75,70,50,high,general,,,,various holiday items,$10-$100,"This broad keyword encompasses a wide range of holiday-related products, indicating high competition.",,,,,
2026-08-07,christmas decorations,,,,70,80,75,70,50,high,general,,,,decorative items,$15-$100,"This keyword covers a wide array of decorations, indicating high demand and competition.",,,,,
2026-08-07,christmas gifts,,,,40,60,50,30,20,high,purchase,,,,gifts,$20-$50,This keyword has specific holiday buyer intent but limited platform presence.,,,,,
2026-08-07,christmas ornament,,,,40,60,50,30,20,high,purchase,,,,ornaments,$10-$30,This keyword indicates a specific holiday item with limited platform presence.,,,,,
2026-08-07,christmas cactus,,,,30,40,20,10,15,medium,interest,,,,plants,$5-$15,This keyword has a niche appeal and is primarily searched on Google.,,,,,
2026-08-07,christmas vacation,,,,30,40,20,10,15,medium,interest,,,,movie merchandise,$10-$25,This keyword indicates interest in a popular movie rather than a product.,,,,,
2026-08-07,christmas movies,,,,30,40,20,10,15,medium,interest,,,,movie merchandise,$10-$25,This keyword indicates a general interest in holiday films.,,,,,
2026-08-07,christmas vacation cast,,,,20,30,10,5,10,low,interest,,,,movie memorabilia,$10-$30,This keyword is very specific and likely has low product relevance.,,,,,
2026-08-07,christmas island,,,,20,30,10,5,10,low,interest,,,,travel guides,$15-$40,This keyword is more geographical and less product-focused.,,,,,
2026-08-07,christmas 2026,,,,20,30,10,5,10,low,interest,,,,future event merchandise,$10-$30,This keyword indicates future interest but lacks immediate product relevance.,,,,,
2026-08-07,christmas fern,,,,20,10,15,10,30,seasonal,low,,,,decorative plants,low,Limited presence on major platforms indicates niche interest.,,,,,
2026-08-07,christmas lights,,,,70,60,50,60,40,seasonal,high,,,,string lights,medium,High demand on Amazon suggests strong buyer interest.,,,,,
2026-08-07,christmas in july decorations,,,,50,40,30,40,50,seasonal,medium,,,,themed decor,medium,Niche holiday decorations indicate a specific seasonal interest.,,,,,
2026-08-07,christmas decor,,,,80,70,60,70,50,seasonal,high,,,,ornaments,medium,Broad appeal and high demand on Amazon indicate strong market potential.,,,,,
2026-08-07,nightmare before christmas,,,,60,50,40,50,40,seasonal,medium,,,,themed merchandise,medium,"Cult following suggests consistent interest, especially around holidays.",,,,,
2026-08-07,christmas tree storage bag,,,,50,40,30,40,50,seasonal,medium,,,,storage solutions,medium,Practical item with consistent demand during holiday seasons.,,,,,
2026-08-07,christmas svg,,,,40,30,20,30,60,seasonal,medium,,,,digital downloads,low,Growing interest in digital designs for crafting indicates potential.,,,,,
2026-08-07,christmas etymology,,,,10,5,5,5,20,non-seasonal,low,,,,educational materials,low,Limited interest suggests a niche academic focus.,,,,,
2026-08-07,christian,,,,10,20,5,5,15,low,low,,,,decor,$10-$50,Limited presence on major platforms indicates low demand.,,,,,
2026-08-07,christian shops,,,,10,20,5,5,15,low,low,,,,gifts,$10-$100,Limited presence on major platforms indicates low demand.,,,,,
2026-08-07,christmas etymologie,,,,5,10,5,5,5,low,very low,,,,books,$5-$20,Niche topic with minimal search interest.,,,,,
2026-08-07,christmas story kid,,,,15,25,10,10,20,high,medium,,,,books,$10-$30,Appeals to parents looking for children's stories during the holiday season.,,,,,
2026-08-07,christmas gifts 2026,,,,20,30,15,20,25,high,high,,,,gifts,$10-$100,"Specific to upcoming holiday season, indicating strong future demand.",,,,,
2026-08-07,christmas gifts for mom,,,,30,40,25,30,35,high,high,,,,jewelry,$20-$100,Popular search for personalized gifts during the holiday season.,,,,,
2026-08-07,christmas gifts for coworkers,,,,25,35,20,25,30,high,medium,,,,gift sets,$10-$50,Common search for office gift exchanges during the holidays.,,,,,
2026-08-07,christmas gifts for teens,,,,30,40,25,30,35,high,high,,,,gadgets,$20-$100,High demand for trendy gifts during the holiday season.,,,,,
2026-08-07,christmas gifts ideas,,,,20,10,15,10,25,high,low,,,,gift guides,varied,This keyword has low competition but is highly seasonal.,,,,,
2026-08-07,nightmare before christmas gifts,,,,30,40,35,30,25,medium,medium,,,,themed merchandise,varied,"This niche has moderate demand and competition, appealing to fans.",,,,,
2026-08-07,toddler christmas gifts,,,,30,40,35,30,25,high,medium,,,,toys and games,varied,This keyword targets a specific audience with consistent demand.,,,,,
2026-08-07,baby christmas gifts,,,,30,40,35,30,25,high,medium,,,,baby toys,varied,"Similar to toddler gifts, this keyword has a targeted audience.",,,,,
2026-08-07,bulk christmas gifts,,,,25,30,20,15,20,medium,high,,,,gift sets,varied,"This keyword indicates a need for bulk purchasing, often for events.",,,,,
2026-08-07,christmas gifts for couples,,,,30,40,35,30,25,high,medium,,,,romantic gifts,varied,"This keyword targets couples, a specific and lucrative market.",,,,,
2026-08-07,christmas gifts for her,,,,30,40,35,30,25,high,medium,,,,personalized gifts,varied,This keyword is broad but targets a specific demographic.,,,,,
2026-08-07,christmas gifts for wife,,,,30,40,35,30,25,high,medium,,,,romantic gifts,varied,This keyword is highly targeted towards husbands shopping for their wives.,,,,,
2026-08-07,teacher christmas gifts,,,,30,20,40,20,50,high,gift,,,,gifts,medium,This keyword targets a specific audience looking for holiday gifts for teachers.,,,,,
2026-08-07,christmas ornaments near me,,,,40,30,50,30,60,high,purchase,,,,ornaments,low to medium,Local search indicates immediate buying intent for ornaments.,,,,,
2026-08-07,christmas ornaments nyc,,,,35,25,45,25,55,high,purchase,,,,ornaments,low to medium,Targeting a specific location can attract local buyers looking for ornaments.,,,,,
2026-08-07,christmas ornaments sale,,,,50,40,60,35,70,high,bargain,,,,ornaments,low,Sales attract buyers looking for deals on holiday decorations.,,,,,
2026-08-07,christmas ornaments personalized,,,,60,50,70,40,80,high,gift,,,,ornaments,medium to high,Personalized items are popular for gifting during the holidays.,,,,,
2026-08-07,christmas ornament storage box,,,,25,20,30,20,40,medium,purchase,,,,storage box,medium,Storage solutions for ornaments can appeal to organized buyers.,,,,,
2026-08-07,christmas ornaments to make,,,,45,35,55,30,65,high,crafting,,,,DIY kits,low to medium,DIY ornaments attract creative buyers looking for projects.,,,,,
2026-08-07,christmas ornament kits,,,,50,40,60,35,70,high,crafting,,,,craft kits,medium,Kits are appealing for those looking to create their own ornaments.,,,,,
2026-08-07,vintage christmas ornaments,,,,30,70,20,15,25,high,gift,,,,ornaments,$10-$30,Limited presence on platforms indicates niche demand.,,,,,
2026-08-07,diamond art christmas ornaments,,,,25,75,15,10,20,high,craft enthusiasts,,,,ornaments,$15-$35,Emerging trend in DIY crafts with limited competition.,,,,,
2026-08-07,christmas ornaments clearance,,,,40,60,30,25,35,high,bargain shoppers,,,,ornaments,$5-$20,High demand for discounted items during the holiday season.,,,,,
2026-08-07,personalized christmas ornaments,,,,50,50,40,35,45,high,gift,,,,ornaments,$10-$50,Strong personalization trend indicates high buyer intent.,,,,,
2026-08-08,christmas gifts for women,,,,90,80,70,75,85,high,gift shopping,,,,gift sets,$20-$100,High demand for women's gifts during the holiday season.,,,,,
2026-08-08,christmas gifts for men,,,,85,75,70,75,80,high,gift shopping,,,,gadgets,$25-$150,Consistent demand for men's gifts during Christmas.,,,,,
2026-08-08,christmas tree,,,,80,70,60,65,75,high,decorating,,,,artificial trees,$50-$300,Essential item for Christmas decoration.,,,,,
2026-08-08,christmas in july,,,,60,50,55,60,65,medium,early shopping,,,,holiday-themed items,$10-$50,Growing trend for mid-year holiday celebrations.,,,,,
2026-08-08,christmas story,,,,70,60,55,60,70,medium,entertainment,,,,movie merchandise,$15-$75,Classic holiday movie with merchandise potential.,,,,,
2026-08-08,christmas ornaments,,,,75,65,60,65,70,high,decorating,,,,ornament sets,$10-$50,Popular items for Christmas tree decoration.,,,,,
2026-08-08,christmas gifts for teen girls,,,,75,65,70,70,75,high,gift shopping,,,,trendy accessories,$15-$75,Targeting a specific demographic with unique gift needs.,,,,,
2026-08-08,christmas gifts for kids,,,,80,70,75,75,80,high,gift shopping,,,,toys and games,$10-$100,High demand for children's gifts during the holiday season.,,,,,
2026-08-08,christmas gifts for girls,,,,70,60,50,55,65,high,gift shopping,,,,toys and games,$20-$50,"This keyword targets a specific audience looking for gifts, indicating strong buyer intent.",,,,,
2026-08-08,christmas ornament storage,,,,65,55,50,60,70,medium,organization,,,,storage solutions,$15-$30,"This keyword addresses a practical need for storing ornaments, appealing to organized consumers.",,,,,
2026-08-08,christmas ornaments set,,,,70,65,55,60,75,high,decorating,,,,decorative ornaments,$25-$75,"Sets of ornaments are popular for holiday decorating, indicating strong seasonal demand.",,,,,
2026-08-08,christmas decorations outdoor,,,,75,70,60,65,80,high,decorating,,,,outdoor lights and decor,$30-$100,"Outdoor decorations are highly sought after during the holiday season, indicating strong demand.",,,,,
2026-08-08,christmas decorations indoor,,,,75,70,60,65,80,high,decorating,,,,indoor decor items,$20-$80,"Indoor decorations are essential for holiday ambiance, indicating consistent demand.",,,,,
2026-08-08,christmas decorations clearance,,,,60,65,50,55,60,medium,bargain hunting,,,,discounted decorations,$10-$40,"Clearance items attract bargain shoppers, indicating a different buyer intent.",,,,,
2026-08-08,christmas,,,,80,90,70,75,50,very high,general holiday shopping,,,,various holiday items,$10-$100,"As a broad keyword, it captures a wide range of holiday-related searches.",,,,,
2026-08-08,christmas decorations,,,,80,85,70,75,55,very high,decorating,,,,decorative items,$20-$100,"This keyword encompasses a wide variety of decoration items, indicating strong seasonal demand.",,,,,
2026-08-08,christmas gifts,,,,40,30,20,10,50,high,gift purchasing,,,,gift items,varied,This keyword indicates a specific interest in purchasing gifts for Christmas.,,,,,
2026-08-08,christmas ornament,,,,40,30,20,10,50,high,decorating,,,,ornaments,varied,This keyword suggests a focus on decorative items for Christmas.,,,,,
2026-08-08,christmas cactus,,,,30,20,10,10,40,medium,plant purchasing,,,,plants,low to medium,This keyword indicates interest in a specific plant associated with Christmas.,,,,,
2026-08-08,christmas vacation,,,,30,20,10,10,40,medium,travel planning,,,,travel packages,varied,This keyword reflects interest in planning vacations during the Christmas season.,,,,,
2026-08-08,christmas movies,,,,30,20,10,10,40,medium,entertainment,,,,movie collections,low to medium,This keyword indicates a focus on films associated with the Christmas holiday.,,,,,
2026-08-08,christmas vacation cast,,,,20,10,5,5,30,low,information seeking,,,,movie memorabilia,low to medium,This keyword suggests interest in the cast of a specific Christmas movie.,,,,,
2026-08-08,christmas island,,,,20,10,5,5,30,low,travel interest,,,,travel guides,low to medium,This keyword indicates interest in a specific location associated with Christmas.,,,,,
2026-08-08,christmas 2026,,,,20,10,5,5,30,low,future planning,,,,event planning services,varied,This keyword reflects interest in future Christmas events or products.,,,,,
2026-08-08,christmas fern,,,,20,10,15,10,25,seasonal,low,plants,natural,decorative,decorative plants,low,Limited presence across platforms suggests niche interest.,,,,,
2026-08-08,christmas lights,,,,40,30,25,20,35,seasonal,high,lighting,plastic,decorative,string lights,medium,High demand for Christmas lights indicates strong buyer interest.,,,,,
2026-08-08,christmas in july decorations,,,,30,20,25,15,30,seasonal,medium,decorations,varied,themed,themed decorations,medium,Niche holiday decorations suggest moderate interest.,,,,,
2026-08-08,christmas decor,,,,50,40,35,30,45,seasonal,high,decor,varied,traditional,ornaments,medium,Broad appeal and high demand for Christmas decor.,,,,,
2026-08-08,nightmare before christmas,,,,30,25,20,15,30,seasonal,medium,merchandise,varied,themed,themed merchandise,medium,Cult following suggests consistent interest around the holiday.,,,,,
2026-08-08,christmas tree storage bag,,,,25,20,15,10,25,seasonal,medium,storage,fabric,functional,storage solutions,medium,Practical item with moderate demand during the holiday season.,,,,,
2026-08-08,christmas svg,,,,20,15,10,5,20,seasonal,low,digital designs,digital,graphic,digital downloads,low,Niche market for digital designs with limited demand.,,,,,
2026-08-08,christmas etymology,,,,10,5,5,5,10,year-round,very low,educational,digital,informative,educational content,low,Limited interest in the historical aspect of Christmas.,,,,,
2026-08-08,christian,,,,20,10,15,10,25,low,low,,,,decor,$20-$50,Limited presence on major platforms indicates niche interest.,,,,,
2026-08-08,christian shops,,,,20,10,15,10,25,low,low,,,,apparel,$15-$40,Niche keyword with limited competition suggests potential for unique offerings.,,,,,
2026-08-08,christmas etymologie,,,,15,5,10,5,20,low,informational,,,,books,$10-$25,Low demand and competition indicates limited market but potential for educational content.,,,,,
2026-08-08,christmas story kid,,,,25,15,20,15,30,high,medium,,,,books,$10-$30,Higher demand indicates interest in children's Christmas stories.,,,,,
2026-08-08,christmas gifts 2026,,,,30,20,25,20,35,high,high,,,,gift sets,$20-$100,Future-oriented keyword suggests planning for upcoming holiday season.,,,,,
2026-08-08,christmas gifts for mom,,,,40,30,35,30,50,high,high,,,,jewelry,$30-$100,High demand indicates a strong market for gifts targeted at mothers.,,,,,
2026-08-08,christmas gifts for coworkers,,,,35,25,30,25,45,high,high,,,,gift baskets,$20-$60,Growing trend for workplace gifting suggests a lucrative market.,,,,,
2026-08-08,christmas gifts for teens,,,,30,20,25,20,40,high,high,,,,gadgets,$15-$50,High interest in gifts for teens indicates a vibrant market segment.,,,,,
2026-08-08,christmas gifts ideas,,,,30,20,10,20,40,high,informational,,,,gift guides,varied,This keyword shows potential for seasonal gift ideas but lacks broader platform presence.,,,,,
2026-08-08,nightmare before christmas gifts,,,,40,50,30,40,30,medium,purchase,,,,themed merchandise,varied,"This keyword targets a specific fandom, indicating a niche market with moderate demand.",,,,,
2026-08-08,toddler christmas gifts,,,,40,50,30,40,30,high,purchase,,,,toys and educational items,varied,"This keyword targets parents looking for gifts for toddlers, indicating a consistent demand.",,,,,
2026-08-08,baby christmas gifts,,,,40,50,30,40,30,high,purchase,,,,baby toys and clothes,varied,"Similar to toddler gifts, this keyword targets a specific audience with consistent seasonal demand.",,,,,
2026-08-08,bulk christmas gifts,,,,30,40,20,30,30,medium,purchase,,,,bulk gift sets,varied,"This keyword suggests a focus on bulk purchasing, which can be appealing for businesses or groups.",,,,,
2026-08-08,christmas gifts for couples,,,,40,50,30,40,30,high,purchase,,,,romantic gifts,varied,"This keyword targets couples, indicating a specific audience with consistent seasonal demand.",,,,,
2026-08-08,christmas gifts for her,,,,40,50,30,40,30,high,purchase,,,,personalized jewelry or accessories,varied,"This keyword targets gifts specifically for women, indicating a consistent demand during the holiday season.",,,,,
2026-08-08,christmas gifts for wife,,,,40,50,30,40,30,high,purchase,,,,luxury gifts,varied,"This keyword focuses on gifts for wives, indicating a specific audience with consistent seasonal demand.",,,,,
2026-08-08,teacher christmas gifts,,,,30,20,25,20,35,high,gift,,,,gifts,medium,"Specific to teachers, indicating a niche market.",,,,,
2026-08-08,christmas ornaments near me,,,,40,30,20,25,30,high,purchase,,,,ornaments,low to medium,Indicates local search intent for ornaments.,,,,,
2026-08-08,christmas ornaments nyc,,,,35,30,20,25,30,high,purchase,,,,ornaments,low to medium,Targets a specific geographic area for ornaments.,,,,,
2026-08-08,christmas ornaments sale,,,,50,40,30,35,45,high,bargain,,,,ornaments,low,"Focuses on discounts, appealing to price-sensitive buyers.",,,,,
2026-08-08,christmas ornaments personalized,,,,60,50,45,50,55,high,gift,,,,ornaments,medium to high,Personalization adds value and attracts buyers looking for unique gifts.,,,,,
2026-08-08,christmas ornament storage box,,,,25,20,15,20,20,medium,purchase,,,,storage box,low to medium,"Practical item for ornament storage, appealing to organized buyers.",,,,,
2026-08-08,christmas ornaments to make,,,,45,30,40,35,50,high,DIY,,,,DIY kits,low to medium,Appeals to crafters and DIY enthusiasts looking for projects.,,,,,
2026-08-08,christmas ornament kits,,,,50,35,45,40,55,high,DIY,,,,kits,medium,Targets the DIY market with ready-to-make kits.,,,,,
2026-08-08,vintage christmas ornaments,,,,30,20,10,15,25,high,gift,,,,ornaments,$10-$30,Limited presence on platforms indicates niche demand.,,,,,
2026-08-08,diamond art christmas ornaments,,,,25,15,10,12,20,high,crafting,,,,ornaments,$15-$35,Emerging trend in DIY crafts with low competition.,,,,,
2026-08-08,christmas ornaments clearance,,,,20,25,5,8,15,high,bargain,,,,ornaments,$5-$15,Clearance suggests price-sensitive shoppers.,,,,,
2026-08-08,personalized christmas ornaments,,,,40,30,20,25,35,high,gift,,,,ornaments,$10-$50,High demand for personalized gifts during holidays.,,,,,
2026-08-09,christmas gifts for women,,,,90,80,70,75,85,high,high,,,,gift sets,$20-$100,Strong demand across multiple platforms indicates a popular gift category.,,,,,
2026-08-09,christmas gifts for men,,,,88,78,72,74,82,high,high,,,,gadgets,$25-$150,Consistent search interest suggests a strong market for men's gifts during the holiday season.,,,,,
2026-08-09,christmas tree,,,,80,70,60,65,75,high,medium,,,,artificial trees,$50-$300,A staple of the holiday season with consistent demand.,,,,,
2026-08-09,christmas story,,,,70,65,55,60,68,medium,medium,,,,books and decor,$10-$50,Interest in themed products suggests potential for niche markets.,,,,,
2026-08-09,christmas in july,,,,65,60,50,55,62,low,medium,,,,summer-themed gifts,$15-$75,Seasonal interest indicates potential for summer promotions.,,,,,
2026-08-09,christmas ornaments,,,,75,72,65,70,78,high,high,,,,decorative ornaments,$5-$50,"Essential for holiday decor, indicating strong demand.",,,,,
2026-08-09,christmas gifts for teen girls,,,,85,75,70,73,80,high,high,,,,trendy accessories,$10-$60,Targeting a specific demographic with strong gift demand.,,,,,
2026-08-09,christmas gifts for kids,,,,90,80,75,78,85,high,high,,,,toys and games,$10-$100,High demand for children's gifts during the holiday season.,,,,,
2026-08-09,christmas gifts for girls,,,,70,60,50,50,65,high,purchase,,,,toys or accessories,$20-$50,This keyword targets a specific audience looking for gifts during the holiday season.,,,,,
2026-08-09,christmas ornament storage,,,,65,55,50,50,60,medium,purchase,,,,storage boxes or bags,$15-$30,This keyword addresses a practical need for organizing holiday decorations.,,,,,
2026-08-09,christmas ornaments set,,,,70,60,55,55,65,high,purchase,,,,ornament sets,$25-$60,This keyword is popular for those looking to buy multiple ornaments for decoration.,,,,,
2026-08-09,christmas decorations outdoor,,,,75,65,60,60,70,high,purchase,,,,outdoor lights or inflatables,$30-$100,This keyword targets consumers looking to enhance their outdoor holiday decor.,,,,,
2026-08-09,christmas decorations indoor,,,,75,65,60,60,70,high,purchase,,,,indoor decor items,$20-$80,This keyword appeals to those wanting to decorate their interiors for the holidays.,,,,,
2026-08-09,christmas decorations clearance,,,,60,50,45,50,55,medium,purchase,,,,clearance decorations,$10-$30,This keyword targets bargain hunters looking for discounted holiday items.,,,,,
2026-08-09,christmas,,,,90,80,75,70,85,very high,purchase,,,,various holiday items,$10-$100,This is a broad and highly searched keyword related to the holiday season.,,,,,
2026-08-09,christmas decorations,,,,85,75,70,65,80,very high,purchase,,,,various decorations,$15-$100,This keyword encompasses a wide range of holiday decoration items.,,,,,
2026-08-09,christmas gifts,,,,60,40,50,50,55,high,gift shopping,,,,gift sets,$20-$100,Popular search for holiday gifting.,,,,,
2026-08-09,christmas ornament,,,,65,45,55,50,60,high,decorating,,,,personalized ornaments,$10-$50,Essential for holiday decorations.,,,,,
2026-08-09,christmas cactus,,,,30,20,25,20,25,medium,plant purchase,,,,live plants,$15-$40,Niche interest in unique holiday plants.,,,,,
2026-08-09,christmas vacation,,,,40,30,35,30,35,medium,travel planning,,,,travel guides,$10-$50,Interest in holiday travel experiences.,,,,,
2026-08-09,christmas movies,,,,50,35,45,40,45,high,entertainment,,,,movie bundles,$10-$60,Popular during the holiday season.,,,,,
2026-08-09,christmas vacation cast,,,,25,15,20,15,20,low,movie interest,,,,movie memorabilia,$5-$30,Specific interest in movie details.,,,,,
2026-08-09,christmas island,,,,20,10,15,10,15,low,travel interest,,,,travel guides,$10-$50,Limited interest in a specific location.,,,,,
2026-08-09,christmas 2026,,,,15,5,10,5,10,low,future planning,,,,event planning kits,$20-$100,Very early interest in future holidays.,,,,,
2026-08-09,christmas story cast,,,,20,10,15,5,10,low,informational,,,,movie memorabilia,$10-$30,Low demand and competition indicate niche interest.,,,,,
2026-08-09,christmas lights,,,,70,60,50,40,30,high,purchase,,,,LED string lights,$15-$50,High demand and competition suggest a popular product category.,,,,,
2026-08-09,christmas in july decorations,,,,50,40,30,20,25,medium,purchase,,,,themed party supplies,$10-$40,Moderate demand indicates a seasonal niche market.,,,,,
2026-08-09,christmas decor,,,,80,70,60,50,40,high,purchase,,,,ornaments,$5-$100,Very high demand and competition indicate a staple holiday product.,,,,,
2026-08-09,nightmare before christmas,,,,60,50,40,30,35,medium,purchase,,,,apparel,$15-$40,Strong fanbase suggests consistent demand for themed products.,,,,,
2026-08-09,christmas tree storage bag,,,,50,30,20,15,25,medium,purchase,,,,storage solutions,$20-$50,Moderate demand with lower competition indicates a practical product.,,,,,
2026-08-09,christmas svg,,,,40,30,25,20,30,high,purchase,,,,digital downloads,$5-$15,Niche market for digital designs indicates steady interest.,,,,,
2026-08-09,christmas etymology,,,,10,5,5,5,5,low,informational,,,,books or articles,$10-$20,Very low demand suggests limited interest in this topic.,,,,,
2026-08-09,christian,,,,20,10,15,10,25,low,low,,,,decor,$10-$30,Limited visibility across major platforms indicates niche demand.,,,,,
2026-08-09,christian shops,,,,20,10,15,10,25,low,low,,,,gift items,$10-$50,"Similar to 'christian', indicating a niche market.",,,,,
2026-08-09,christmas etymologie,,,,15,5,10,5,20,low,very low,,,,educational materials,$5-$15,Very niche keyword with limited market interest.,,,,,
2026-08-09,christmas story kid,,,,30,20,25,20,35,high,medium,,,,children's books,$10-$25,Appeals to parents and educators during the holiday season.,,,,,
2026-08-09,christmas gifts 2026,,,,25,15,20,15,30,high,high,,,,gift sets,$20-$100,Future-oriented keyword indicating planning for holiday shopping.,,,,,
2026-08-09,christmas gifts for mom,,,,40,30,35,30,50,high,high,,,,jewelry,$30-$150,High demand for personalized gifts for mothers during Christmas.,,,,,
2026-08-09,christmas gifts for coworkers,,,,35,25,30,25,45,high,medium,,,,office decor,$10-$50,Consistent demand for gifts in workplace settings during holidays.,,,,,
2026-08-09,christmas gifts for teens,,,,30,20,25,20,35,high,medium,,,,trendy accessories,$15-$60,Teens are a popular demographic for gift-giving during Christmas.,,,,,
2026-08-09,christmas gifts ideas,,,,30,10,20,15,25,high,low,,,,gift guides,varied,General idea search with low competition.,,,,,
2026-08-09,nightmare before christmas gifts,,,,40,30,25,20,35,medium,high,,,,themed merchandise,medium,Niche interest with moderate demand and competition.,,,,,
2026-08-09,toddler christmas gifts,,,,45,35,30,25,40,high,high,,,,toys and clothing,low to medium,High demand for toddler gifts during the holidays.,,,,,
2026-08-09,baby christmas gifts,,,,50,30,30,25,45,high,high,,,,clothing and toys,low to medium,Consistent demand for baby gifts during Christmas.,,,,,
2026-08-09,bulk christmas gifts,,,,35,25,20,15,30,medium,medium,,,,gift sets,medium to high,Potential for bulk purchases but moderate demand.,,,,,
2026-08-09,christmas gifts for couples,,,,40,30,25,20,35,high,high,,,,matching gifts,medium,Popular category with consistent demand.,,,,,
2026-08-09,christmas gifts for her,,,,50,40,30,25,45,high,high,,,,jewelry and accessories,medium to high,High demand for gifts targeted at women.,,,,,
2026-08-09,christmas gifts for wife,,,,55,40,35,30,50,high,high,,,,personalized gifts,medium to high,Specific and high-demand category for holiday gifting.,,,,,
2026-08-09,teacher christmas gifts,,,,30,20,40,20,50,high,gift,,,,gifts,medium,This keyword targets a specific audience looking for gifts for teachers during the holiday season.,,,,,
2026-08-09,christmas ornaments near me,,,,40,30,20,30,40,high,purchase,,,,ornaments,low-medium,Local search indicates a strong intent to buy ornaments quickly for the holiday season.,,,,,
2026-08-09,christmas ornaments nyc,,,,40,30,20,30,40,high,purchase,,,,ornaments,low-medium,"This keyword targets a specific geographic area, indicating local demand for ornaments.",,,,,
2026-08-09,christmas ornaments sale,,,,50,40,30,40,50,high,bargain,,,,ornaments,low-medium,"This keyword suggests consumers are looking for discounts on ornaments, indicating high intent to buy.",,,,,
2026-08-09,christmas ornaments personalized,,,,60,50,60,50,70,high,gift,,,,ornaments,medium-high,"Personalization indicates a strong emotional appeal, making this a popular choice for gifts.",,,,,
2026-08-09,christmas ornament storage box,,,,30,20,30,20,40,low,purchase,,,,storage,low-medium,This keyword targets consumers looking for practical storage solutions for their ornaments.,,,,,
2026-08-09,christmas ornaments to make,,,,50,40,50,40,60,high,craft,,,,craft kits,medium,This keyword appeals to DIY enthusiasts looking to create their own ornaments.,,,,,
2026-08-09,christmas ornament kits,,,,50,40,50,40,60,high,craft,,,,craft kits,medium,"This keyword suggests a market for pre-packaged DIY ornament kits, appealing to crafters.",,,,,
2026-08-09,vintage christmas ornaments,,,,30,20,10,20,40,high,medium,,,,ornaments,$10-$30,This keyword indicates a niche interest in vintage styles for holiday decorations.,,,,,
2026-08-09,diamond art christmas ornaments,,,,25,15,20,15,35,high,medium,,,,ornaments,$15-$40,This keyword reflects a growing trend in DIY and craft-oriented holiday decorations.,,,,,
2026-08-09,christmas ornaments clearance,,,,20,25,5,10,30,high,high,,,,ornaments,$5-$15,This keyword suggests a focus on budget-conscious shoppers looking for deals.,,,,,
2026-08-09,personalized christmas ornaments,,,,40,30,25,35,50,high,high,,,,ornaments,$15-$50,This keyword indicates strong demand for customized holiday gifts.,,,,,
2026-08-10,christmas gifts for women,,,,90,80,70,75,85,high,gift,,,,gift sets,$20-$100,This keyword shows strong demand across multiple platforms for holiday gifts.,,,,,
2026-08-10,christmas gifts for men,,,,90,80,70,75,85,high,gift,,,,gadgets,$20-$100,This keyword also indicates strong demand for men's gifts during the holiday season.,,,,,
2026-08-10,christmas tree,,,,70,60,50,55,65,high,decor,,,,artificial trees,$50-$300,This keyword has consistent demand for holiday decorations.,,,,,
2026-08-10,christmas story,,,,60,50,40,45,55,medium,entertainment,,,,books,$10-$30,This keyword reflects interest in holiday-themed narratives and media.,,,,,
2026-08-10,christmas in july,,,,55,45,50,50,60,medium,event,,,,party supplies,$15-$50,This keyword indicates a niche interest in mid-year holiday celebrations.,,,,,
2026-08-10,christmas ornaments,,,,70,65,60,65,70,high,decor,,,,handmade ornaments,$5-$30,This keyword has consistent demand for holiday decorations.,,,,,
2026-08-10,christmas gifts for teen girls,,,,80,75,70,75,80,high,gift,,,,trendy accessories,$15-$50,This keyword targets a specific demographic with strong holiday gift demand.,,,,,
2026-08-10,christmas gifts for kids,,,,85,80,75,80,85,high,gift,,,,toys and games,$10-$100,This keyword indicates strong demand for children's gifts during the holiday season.,,,,,
2026-08-10,christmas gifts for girls,,,,60,40,50,50,70,high,gift,,,,toys and games,$20-$50,Popular gift category for the holiday season.,,,,,
2026-08-10,christmas ornament storage,,,,55,45,50,50,65,medium,functional,,,,storage boxes,$15-$30,Essential for keeping ornaments safe during off-season.,,,,,
2026-08-10,christmas ornaments set,,,,60,50,55,55,70,high,decorative,,,,ornament sets,$25-$60,Sets are popular for creating cohesive holiday themes.,,,,,
2026-08-10,christmas decorations outdoor,,,,65,55,60,60,75,high,decorative,,,,outdoor lights and inflatables,$30-$100,High demand for outdoor decorations during the holiday season.,,,,,
2026-08-10,christmas decorations indoor,,,,65,55,60,60,75,high,decorative,,,,table decor and wall hangings,$20-$70,Indoor decorations are essential for holiday ambiance.,,,,,
2026-08-10,christmas decorations clearance,,,,50,60,40,45,50,high,bargain,,,,discounted decorations,$5-$30,Clearance items attract budget-conscious shoppers.,,,,,
2026-08-10,christmas,,,,70,80,60,70,50,very high,general,,,,various Christmas items,$10-$100,Broad keyword with high seasonal interest.,,,,,
2026-08-10,christmas decorations,,,,75,85,65,70,55,very high,decorative,,,,various decorations,$15-$100,Highly sought after for holiday decorating.,,,,,
2026-08-10,christmas gifts,,,,60,40,50,50,55,high,purchase,gifts,various,holiday,gift sets,$20-$100,High demand for holiday shopping.,,,,,
2026-08-10,christmas ornament,,,,55,45,50,50,50,high,purchase,ornaments,glass/wood,holiday,custom ornaments,$10-$50,Popular item for holiday decorations.,,,,,
2026-08-10,christmas cactus,,,,30,20,25,20,30,medium,purchase,plants,plant,natural,live plants,$15-$40,Niche interest in unique holiday plants.,,,,,
2026-08-10,christmas movies,,,,40,30,35,30,40,high,engagement,movies,media,holiday,movie collections,$10-$50,High interest in holiday entertainment.,,,,,
2026-08-10,christmas vacation,,,,35,25,30,25,35,medium,engagement,movies,various,nostalgic,movie merchandise,$10-$40,Classic holiday film with a loyal following.,,,,,
2026-08-10,christmas vacation cast,,,,20,15,15,10,20,low,information,memorabilia,various,nostalgic,cast memorabilia,$5-$25,Specific interest in cast details.,,,,,
2026-08-10,christmas story cast,,,,20,15,15,10,20,low,information,memorabilia,various,nostalgic,cast memorabilia,$5-$25,Interest in classic film cast.,,,,,
2026-08-10,christmas island,,,,10,5,5,5,10,low,information,travel,paper,informative,travel guides,$10-$30,Low interest in geographical location.,,,,,
2026-08-10,christmas 2026,,,,20,10,30,15,25,low,informational,,,,calendar,$10-$20,This keyword indicates future planning but has low current demand.,,,,,
2026-08-10,christmas lights,,,,70,60,50,65,40,high,purchase,,,,LED lights,$15-$50,High demand for decorative items during the holiday season.,,,,,
2026-08-10,christmas in july decorations,,,,50,40,45,50,55,medium,purchase,,,,themed decorations,$20-$40,Growing trend for mid-year holiday celebrations.,,,,,
2026-08-10,christmas decor,,,,75,70,60,65,50,high,purchase,,,,ornaments,$10-$30,Consistently high demand for various Christmas decorations.,,,,,
2026-08-10,nightmare before christmas,,,,60,50,55,60,45,medium,purchase,,,,merchandise,$15-$35,"Popular theme with a dedicated fan base, especially during holidays.",,,,,
2026-08-10,christmas tree storage bag,,,,40,30,35,30,50,medium,purchase,,,,storage bag,$20-$40,Practical item with consistent demand post-holiday season.,,,,,
2026-08-10,christmas svg,,,,55,45,50,55,60,medium,purchase,,,,digital downloads,$5-$15,Increasing interest in digital designs for crafting.,,,,,
2026-08-10,christmas etymology,,,,10,5,15,10,20,low,informational,,,,books,$10-$25,Niche interest with limited commercial potential.,,,,,
2026-08-10,christian,,,,20,10,15,10,25,low,low,,,,decor,$20-$50,Limited presence on major platforms indicates niche interest.,,,,,
2026-08-10,christian shops,,,,20,10,15,10,25,low,low,,,,gift items,$15-$40,Niche keyword with limited competition suggests potential for unique offerings.,,,,,
2026-08-10,christmas etymologie,,,,10,5,5,5,10,low,very low,,,,educational material,$5-$15,Very niche keyword with minimal search interest.,,,,,
2026-08-10,christmas story kid,,,,30,20,25,20,35,high,medium,,,,children's books,$10-$30,Appealing to families suggests higher demand during the holiday season.,,,,,
2026-08-10,christmas gifts 2026,,,,40,30,35,30,50,high,high,,,,gift sets,$20-$100,Future-oriented keyword indicates planning for holiday shopping.,,,,,
2026-08-10,christmas gifts for mom,,,,50,40,45,40,60,high,high,,,,personalized gifts,$30-$80,Strong demand for gifts targeted at mothers during the holidays.,,,,,
2026-08-10,christmas gifts for coworkers,,,,45,35,40,35,55,high,medium,,,,office gifts,$10-$50,Increasing trend for workplace gifting suggests good market potential.,,,,,
2026-08-10,christmas gifts for teens,,,,50,40,45,40,60,high,high,,,,trendy gifts,$15-$60,Teens are a significant market segment for holiday gifts.,,,,,
2026-08-10,christmas gifts ideas,,,,20,10,15,10,25,high,low,,,,gift guides,varied,This keyword has low cross-platform presence indicating limited demand.,,,,,
2026-08-10,nightmare before christmas gifts,,,,30,40,25,20,35,medium,high,,,,themed merchandise,mid-range,This keyword indicates a niche market with specific fan interest.,,,,,
2026-08-10,toddler christmas gifts,,,,30,40,25,20,35,high,high,,,,toys and educational items,varied,This keyword targets a specific audience with consistent demand during holidays.,,,,,
2026-08-10,baby christmas gifts,,,,30,40,25,20,35,high,high,,,,clothing and toys,varied,This keyword appeals to new parents looking for gifts for infants.,,,,,
2026-08-10,bulk christmas gifts,,,,25,30,20,15,30,medium,medium,,,,gift sets,bulk pricing,"This keyword suggests a demand for quantity, likely for events or parties.",,,,,
2026-08-10,christmas gifts for couples,,,,30,40,25,20,35,high,high,,,,couple-themed items,mid-range,"This keyword targets couples looking for shared gifts, indicating strong buyer intent.",,,,,
2026-08-10,christmas gifts for her,,,,30,40,25,20,35,high,high,,,,jewelry and accessories,mid to high,This keyword is popular among buyers looking for gifts for women.,,,,,
2026-08-10,christmas gifts for wife,,,,30,40,25,20,35,high,high,,,,personalized gifts,mid to high,This keyword indicates a strong intent from buyers looking for gifts for their spouses.,,,,,
2026-08-10,teacher christmas gifts,,,,30,20,25,15,40,high,gift,,,,personalized gifts,$10-$50,This keyword targets a specific audience looking for holiday gifts for teachers.,,,,,
2026-08-10,christmas ornaments near me,,,,25,15,20,10,35,high,local purchase,,,,local handmade ornaments,$5-$30,This keyword indicates a desire for local shopping options for ornaments.,,,,,
2026-08-10,christmas ornaments nyc,,,,25,15,20,10,35,high,local purchase,,,,local NYC themed ornaments,$5-$30,This keyword targets those specifically looking for ornaments in New York City.,,,,,
2026-08-10,christmas ornaments sale,,,,30,25,20,15,30,high,bargain,,,,discounted ornaments,$5-$25,This keyword suggests consumers are looking for discounts on ornaments.,,,,,
2026-08-10,christmas ornaments personalized,,,,40,30,35,20,50,high,gift,,,,customizable ornaments,$10-$40,Personalized ornaments are highly sought after for gifting during the holidays.,,,,,
2026-08-10,christmas ornament storage box,,,,20,15,10,5,25,low,utility,,,,ornament storage boxes,$15-$50,This keyword focuses on practical storage solutions for ornaments.,,,,,
2026-08-10,christmas ornaments to make,,,,35,20,30,15,45,high,DIY,,,,DIY ornament kits,$10-$30,This keyword appeals to those interested in crafting their own ornaments.,,,,,
2026-08-10,christmas ornament kits,,,,30,25,20,15,40,high,DIY,,,,ornament making kits,$15-$40,This keyword targets consumers looking for kits to create ornaments.,,,,,
2026-08-10,vintage christmas ornaments,,,,30,20,10,15,25,high,gift,holiday decor,glass,vintage,ornaments,$10-$30,Vintage items often attract collectors and gift buyers.,,,,,
2026-08-10,diamond art christmas ornaments,,,,25,15,20,10,30,high,craft enthusiasts,craft kits,acrylic,DIY,ornaments,$15-$40,Diamond art is a popular crafting trend that appeals to DIYers.,,,,,
2026-08-10,christmas ornaments clearance,,,,35,25,15,20,20,high,bargain hunters,discounted items,various,varied,ornaments,$5-$20,Clearance items attract price-sensitive customers during the holidays.,,,,,
2026-08-10,personalized christmas ornaments,,,,40,30,25,35,40,high,gift,personalized gifts,ceramic,custom,ornaments,$10-$50,Personalized gifts are highly sought after during the holiday season.,,,,,
2026-08-11,christmas gifts for women,,,,90,80,70,75,85,high,gift shopping,,,,gift sets,$20-$100,This keyword has strong demand across multiple platforms for holiday gifting.,,,,,
2026-08-11,christmas gifts for men,,,,90,80,70,75,85,high,gift shopping,,,,gadgets,$20-$100,"This keyword is highly sought after for holiday gifting, appealing to a broad audience.",,,,,
2026-08-11,christmas tree,,,,70,60,50,55,65,high,decorating,,,,artificial trees,$50-$300,"A fundamental item for Christmas, indicating consistent demand during the season.",,,,,
2026-08-11,christmas story,,,,60,50,40,45,55,medium,entertainment,,,,books and movies,$10-$50,"This keyword reflects interest in holiday-themed media, with moderate demand.",,,,,
2026-08-11,christmas in july,,,,60,50,40,45,55,medium,early shopping,,,,holiday decor,$10-$100,This keyword indicates a niche market for mid-year holiday promotions.,,,,,
2026-08-11,christmas ornaments,,,,70,60,50,55,65,high,decorating,,,,decorative ornaments,$5-$50,"Ornaments are a staple for Christmas decorations, indicating steady demand.",,,,,
2026-08-11,christmas gifts for teen girls,,,,80,70,60,65,75,high,gift shopping,,,,trendy accessories,$15-$75,This keyword targets a specific demographic with high gift-giving interest.,,,,,
2026-08-11,christmas gifts for kids,,,,80,70,60,65,75,high,gift shopping,,,,toys and games,$10-$100,This keyword has strong appeal for parents and relatives looking for children's gifts.,,,,,
2026-08-11,christmas gifts for girls,,,,60,40,50,50,55,high,gift shopping,,,,toys or accessories,$20-$50,"This keyword targets a specific audience looking for gifts, indicating strong buyer intent.",,,,,
2026-08-11,christmas ornament storage,,,,55,45,50,50,50,high,organizational solutions,,,,storage containers,$15-$30,"This keyword addresses a practical need for storing ornaments, appealing to organized consumers.",,,,,
2026-08-11,christmas ornaments set,,,,60,50,55,55,60,high,decorating,,,,ornament sets,$25-$60,"Sets of ornaments are popular for holiday decorating, indicating strong demand.",,,,,
2026-08-11,christmas decorations outdoor,,,,65,55,60,60,65,high,decorating,,,,outdoor lights and inflatables,$30-$100,Outdoor decorations are in high demand during the holiday season.,,,,,
2026-08-11,christmas decorations indoor,,,,65,55,60,60,65,high,decorating,,,,indoor decor items,$20-$80,"Indoor decorations are essential for holiday ambiance, indicating strong demand.",,,,,
2026-08-11,christmas decorations clearance,,,,50,60,40,45,45,high,bargain hunting,,,,discounted decorations,$10-$30,"Clearance items attract budget-conscious shoppers, indicating a different buyer intent.",,,,,
2026-08-11,christmas,,,,70,80,75,70,60,high,general holiday shopping,,,,various holiday items,$10-$100,"As a broad keyword, it encompasses a wide range of products, indicating high competition.",,,,,
2026-08-11,christmas decorations,,,,70,80,75,70,60,high,decorating,,,,decorative items,$20-$100,"This keyword is essential for holiday decor, indicating high demand and competition.",,,,,
2026-08-11,christmas gifts,,,,60,40,50,30,70,high,purchase,,,,gift sets,varied,High demand during the holiday season.,,,,,
2026-08-11,christmas ornament,,,,65,45,55,40,75,high,purchase,,,,personalized ornaments,mid-range,Popular item for holiday decorations.,,,,,
2026-08-11,christmas story cast,,,,30,20,25,10,15,low,information,,,,movie memorabilia,low,Lower demand for cast information rather than products.,,,,,
2026-08-11,christmas vacation,,,,35,25,20,15,10,low,information,,,,movie posters,low,Interest in the movie rather than physical products.,,,,,
2026-08-11,christmas movies,,,,40,30,35,20,25,medium,information,,,,movie guides,low,Interest in movie titles rather than products.,,,,,
2026-08-11,christmas cactus,,,,20,15,10,5,5,low,purchase,,,,live plants,low,Niche interest in specific plant.,,,,,
2026-08-11,christmas train diffuser,,,,25,20,15,10,10,medium,purchase,,,,essential oil diffusers,mid-range,Unique product for holiday-themed home decor.,,,,,
2026-08-11,christmas vacation cast,,,,30,20,15,10,10,low,information,,,,movie memorabilia,low,Interest in cast details rather than products.,,,,,
2026-08-11,christmas 2026,,,,20,10,30,10,15,high,low,,,,calendar,low,This keyword indicates a future event but has low current demand.,,,,,
2026-08-11,christmas lights,,,,60,50,70,65,55,high,high,,,,string lights,medium,Christmas lights are a popular seasonal decoration with consistent demand.,,,,,
2026-08-11,christmas decor,,,,65,55,60,70,50,high,high,,,,ornaments,medium,Christmas decor has a broad appeal and high seasonal demand.,,,,,
2026-08-11,nightmare before christmas,,,,50,40,55,50,45,medium,medium,,,,merchandise,medium,"This keyword appeals to fans of the movie, creating niche market opportunities.",,,,,
2026-08-11,christmas in july decorations,,,,40,30,50,45,35,medium,medium,,,,themed decorations,low,"This keyword targets a unique holiday celebration, appealing to niche audiences.",,,,,
2026-08-11,christmas pajamas,,,,70,60,75,80,65,high,high,,,,pajama sets,medium,Christmas pajamas are a popular gift item during the holiday season.,,,,,
2026-08-11,christmas svg,,,,30,20,40,35,25,high,medium,,,,digital downloads,low,SVG files are popular among crafters for holiday projects.,,,,,
2026-08-11,christmas etymology,,,,10,5,15,10,5,low,low,,,,books,low,This keyword has low demand and is more informational than commercial.,,,,,
2026-08-11,christian,,,,10,20,5,10,15,low,low,,,,decor,$20-$50,Limited presence on major platforms indicates niche demand.,,,,,
2026-08-11,christian shops,,,,10,20,5,10,15,low,low,,,,apparel,$15-$40,Niche keyword with limited visibility suggests low competition.,,,,,
2026-08-11,christmas etymologie,,,,5,10,5,5,5,low,low,,,,books,$10-$25,Very niche keyword with minimal search interest.,,,,,
2026-08-11,christmas story kid,,,,15,25,10,15,20,medium,medium,,,,storybooks,$10-$30,Appeals to parents looking for holiday-themed children's products.,,,,,
2026-08-11,christmas gifts 2026,,,,20,30,15,25,30,high,high,,,,gift sets,$20-$100,Specific year-related gift searches indicate timely demand.,,,,,
2026-08-11,christmas gifts for mom,,,,30,40,20,30,35,high,high,,,,jewelry,$25-$75,High demand for gifts targeting mothers during the holiday season.,,,,,
2026-08-11,christmas gifts for coworkers,,,,25,35,15,25,30,high,medium,,,,office supplies,$10-$30,Popular search for workplace gift exchanges indicates solid demand.,,,,,
2026-08-11,christmas gifts for teens,,,,30,40,20,30,35,high,high,,,,gadgets,$20-$60,"Teens are a significant demographic for holiday gifting, driving demand.",,,,,
2026-08-11,christmas gifts ideas,,,,30,10,20,15,25,high,informational,,,,gift guides,free,This keyword suggests users are looking for inspiration rather than specific products.,,,,,
2026-08-11,nightmare before christmas gifts,,,,40,30,25,20,35,medium,transactional,,,,themed merchandise,$10-$50,"This keyword targets fans of a specific movie, indicating a niche market.",,,,,
2026-08-11,toddler christmas gifts,,,,45,35,30,25,40,high,transactional,,,,toys and educational items,$15-$60,Parents are actively seeking gifts for toddlers during the holiday season.,,,,,
2026-08-11,baby christmas gifts,,,,50,40,35,30,45,high,transactional,,,,clothing and toys,$10-$50,There is consistent demand for gifts targeted at babies during the holidays.,,,,,
2026-08-11,christmas gifts for boys,,,,40,30,25,20,35,high,transactional,,,,toys and games,$15-$70,This keyword indicates a specific demographic focus for holiday gifts.,,,,,
2026-08-11,christmas gifts for couples,,,,35,25,20,15,30,high,transactional,,,,personalized gifts,$20-$100,Couples often seek unique gifts for each other during the holiday season.,,,,,
2026-08-11,christmas gifts for her,,,,40,30,25,20,35,high,transactional,,,,jewelry and accessories,$20-$80,"This keyword targets gifts specifically for women, indicating a focused market.",,,,,
2026-08-11,christmas gifts for wife,,,,45,35,30,25,40,high,transactional,,,,romantic gifts,$30-$150,Husbands often look for special gifts for their wives during the holidays.,,,,,
2026-08-11,teacher christmas gifts,,,,30,20,25,20,40,high,gift,,,,gifts,varied,This keyword targets a specific audience looking for gifts for teachers during the holiday season.,,,,,
2026-08-11,christmas ornaments near me,,,,40,30,35,30,50,high,purchase,,,,ornaments,varied,Local searches indicate a strong intent to buy ornaments for the holiday season.,,,,,
2026-08-11,christmas ornaments nyc,,,,35,25,30,25,45,high,purchase,,,,ornaments,varied,"This keyword targets a specific geographic area, indicating localized demand for ornaments.",,,,,
2026-08-11,christmas ornaments sale,,,,50,40,45,40,60,high,bargain,,,,ornaments,discounted,This keyword indicates a strong interest in discounted ornaments during the holiday season.,,,,,
2026-08-11,christmas ornaments personalized,,,,60,50,55,50,70,high,gift,,,,personalized ornaments,varied,Personalized items are highly sought after for gifting during the holiday season.,,,,,
2026-08-11,christmas ornament storage box,,,,25,20,20,15,30,low,utility,,,,storage boxes,varied,This keyword targets consumers looking for practical storage solutions for ornaments.,,,,,
2026-08-11,christmas ornaments to make,,,,45,35,40,35,55,high,crafting,,,,DIY kits,varied,This keyword appeals to DIY enthusiasts looking to create their own ornaments.,,,,,
2026-08-11,christmas ornament kits,,,,50,40,45,40,60,high,crafting,,,,ornament kits,varied,This keyword targets those interested in pre-packaged kits for making ornaments.,,,,,
2026-08-11,vintage christmas ornaments,,,,30,20,10,15,25,high,medium,,,,ornaments,$10-$30,Limited presence indicates niche demand.,,,,,
2026-08-11,diamond art christmas ornaments,,,,25,15,10,12,20,high,medium,,,,ornaments,$15-$35,Unique concept with low competition.,,,,,
2026-08-11,christmas ornaments clearance,,,,35,30,20,25,30,high,high,,,,ornaments,$5-$20,High demand during sales periods.,,,,,
2026-08-11,personalized christmas ornaments,,,,40,35,30,35,45,high,very high,,,,ornaments,$15-$50,Strong demand for personalized gifts.,,,,,
2026-08-12,christmas gifts for women,,,,90,85,80,75,70,high,gift shopping,,,,personalized gifts,$20-$100,High demand across multiple platforms for women's gifts during the holiday season.,,,,,
2026-08-12,christmas gifts for men,,,,90,85,80,75,70,high,gift shopping,,,,gadget gifts,$20-$100,High demand across multiple platforms for men's gifts during the holiday season.,,,,,
2026-08-12,christmas tree,,,,80,70,60,65,50,high,home decoration,,,,artificial trees,$50-$200,Essential item for holiday decor with steady demand.,,,,,
2026-08-12,christmas in july,,,,60,50,55,40,45,medium,thematic celebration,,,,themed decorations,$10-$50,Niche market for mid-year holiday celebrations.,,,,,
2026-08-12,christmas story,,,,70,60,55,50,40,medium,nostalgia and gifts,,,,themed merchandise,$15-$75,Popular theme for gifts and decorations during the holiday season.,,,,,
2026-08-12,christmas ornaments,,,,80,75,70,65,60,high,holiday decoration,,,,personalized ornaments,$10-$50,Essential for holiday decor with consistent demand.,,,,,
2026-08-12,christmas gifts for teen girls,,,,75,70,65,60,55,high,gift shopping,,,,trendy accessories,$15-$75,Targeted gifts for a specific demographic with high interest.,,,,,
2026-08-12,christmas gifts for kids,,,,85,80,75,70,65,high,gift shopping,,,,educational toys,$10-$100,High demand for children's gifts during the holiday season.,,,,,
2026-08-12,christmas gifts for girls,,,,70,60,50,40,65,high,gift shopping,,,,toys or accessories,$20-$50,"This keyword targets a specific audience looking for gifts, indicating strong buyer intent.",,,,,
2026-08-12,christmas ornament storage,,,,65,55,50,45,60,medium,home organization,,,,storage boxes,$15-$30,"This keyword appeals to those looking to organize holiday decorations, showing practical buyer intent.",,,,,
2026-08-12,christmas ornaments set,,,,70,65,55,50,70,high,decorating,,,,ornament sets,$25-$60,"This keyword indicates a demand for complete sets, appealing to buyers looking to decorate their homes.",,,,,
2026-08-12,christmas decorations outdoor,,,,75,70,60,55,75,high,home beautification,,,,outdoor lights and inflatables,$30-$100,"This keyword targets outdoor decorators, indicating a strong seasonal demand.",,,,,
2026-08-12,christmas decorations indoor,,,,75,70,60,55,75,high,home beautification,,,,indoor decor items,$20-$80,"This keyword focuses on indoor decorations, appealing to a wide range of buyers.",,,,,
2026-08-12,christmas decorations clearance,,,,60,65,50,45,55,medium,bargain hunting,,,,discounted decor,$10-$30,This keyword targets budget-conscious buyers looking for deals on decorations.,,,,,
2026-08-12,christmas,,,,80,90,70,60,50,very high,general holiday shopping,,,,various holiday items,$10-$100,This broad keyword indicates a high level of interest during the holiday season.,,,,,
2026-08-12,christmas decorations,,,,80,85,70,60,55,very high,home beautification,,,,decorative items,$20-$100,"This keyword encompasses a wide range of decorative items, indicating strong seasonal demand.",,,,,
2026-08-12,christmas gifts,,,,60,40,50,30,70,high,gift purchase,,,,gift sets,medium,High demand during the holiday season.,,,,,
2026-08-12,christmas ornament,,,,65,45,55,40,75,high,decor purchase,,,,custom ornaments,low to medium,Popular item for holiday decorations.,,,,,
2026-08-12,christmas story cast,,,,30,20,25,10,15,medium,information,,,,movie memorabilia,low,Lower demand for specific movie-related searches.,,,,,
2026-08-12,christmas cactus,,,,25,15,20,5,10,low,plant purchase,,,,live plants,low,Niche interest with limited seasonal appeal.,,,,,
2026-08-12,christmas vacation,,,,35,25,30,15,20,medium,information,,,,movie posters,low,Moderate interest in holiday-themed movies.,,,,,
2026-08-12,christmas movies,,,,40,30,35,20,25,high,information,,,,movie collections,medium,Consistent interest in holiday films.,,,,,
2026-08-12,christmas vacation cast,,,,20,15,10,5,5,low,information,,,,cast biographies,low,Limited interest in specific cast details.,,,,,
2026-08-12,christmas 2026,,,,10,5,5,0,2,low,future planning,,,,future event planners,low,Very low interest for future holiday searches.,,,,,
2026-08-12,christmas island,,,,10,20,5,5,15,low,informational,,,,informational content,low,Limited presence on major platforms indicates low demand.,,,,,
2026-08-12,christmas lights,,,,70,60,50,60,40,high,purchase,,,,decorative lights,medium,High demand on Amazon suggests strong buyer interest.,,,,,
2026-08-12,christmas decor,,,,70,65,55,60,45,high,purchase,,,,decor items,medium to high,Strong presence on Amazon indicates high demand for festive items.,,,,,
2026-08-12,nightmare before christmas,,,,60,55,50,50,35,medium,purchase,,,,themed merchandise,medium,Niche popularity suggests a dedicated fan base.,,,,,
2026-08-12,christmas in july decorations,,,,40,30,25,30,20,medium,purchase,,,,decor items,low to medium,Seasonal interest indicates a niche market.,,,,,
2026-08-12,christmas gift card book,,,,50,40,30,35,25,high,purchase,,,,gift card holder,low to medium,Gift-related items typically see high demand during holidays.,,,,,
2026-08-12,christmas svg,,,,50,50,40,45,30,medium,purchase,,,,digital downloads,low,Presence on Etsy indicates demand for digital designs.,,,,,
2026-08-12,christmas etymology,,,,20,15,10,10,5,low,informational,,,,informational content,low,Limited interest suggests low demand for educational content.,,,,,
2026-08-12,christian,,,,20,10,15,10,25,low,low,religious decor,wood,traditional,decor,$10-$50,Limited presence on major platforms indicates niche interest.,,,,,
2026-08-12,christian shops,,,,20,10,15,10,25,low,low,religious gifts,various,traditional,gifts,$10-$50,"Specific to Etsy, indicating limited but focused interest.",,,,,
2026-08-12,christmas etymologie,,,,15,5,10,5,20,low,very low,educational,paper,informative,books,$5-$20,Niche interest in the origins of the holiday.,,,,,
2026-08-12,christmas story kid,,,,25,15,20,15,30,high,medium,children's books,paper,storytelling,books,$5-$25,Appeals to parents looking for holiday stories for children.,,,,,
2026-08-12,christmas gifts 2026,,,,30,20,25,20,35,high,high,holiday gifts,various,varied,gifts,$10-$100,High interest in upcoming holiday gift ideas.,,,,,
2026-08-12,christmas gifts for mom,,,,35,25,30,25,40,high,high,gifts for mom,various,personalized,personalized gifts,$20-$100,Consistent demand for gifts aimed at mothers during holidays.,,,,,
2026-08-12,christmas gifts for coworkers,,,,30,20,25,20,35,high,medium,office gifts,various,professional,gifts,$10-$50,Growing trend of workplace gift exchanges during holidays.,,,,,
2026-08-12,christmas gifts for teens,,,,30,20,25,20,35,high,medium,gifts for teens,various,trendy,trendy gifts,$10-$50,Teens are a popular demographic for holiday gifting.,,,,,
2026-08-12,christmas gifts ideas,,,,20,10,15,10,25,high,informational,,,,gift guides,free,Low competition but seasonal interest in gift ideas.,,,,,
2026-08-12,nightmare before christmas gifts,,,,30,40,25,20,35,medium,purchase,,,,themed merchandise,$10-$50,Niche market with moderate competition for themed gifts.,,,,,
2026-08-12,toddler christmas gifts,,,,35,30,40,25,30,high,purchase,,,,toys and books,$15-$60,Consistent demand for toddler gifts during the holiday season.,,,,,
2026-08-12,baby christmas gifts,,,,40,30,35,30,40,high,purchase,,,,clothing and toys,$20-$70,High demand for baby gifts during the holiday season.,,,,,
2026-08-12,christmas gifts for boys,,,,30,25,30,20,25,high,purchase,,,,toys and games,$15-$50,Steady interest in gifts specifically for boys during the holidays.,,,,,
2026-08-12,christmas gifts for couples,,,,25,20,30,15,20,high,purchase,,,,personalized gifts,$30-$100,Consistent demand for couple-themed gifts during the holidays.,,,,,
2026-08-12,christmas gifts for her,,,,30,35,25,20,30,high,purchase,,,,jewelry and accessories,$20-$80,High interest in gifts for women during the holiday season.,,,,,
2026-08-12,christmas gifts for wife,,,,30,30,25,20,30,high,purchase,,,,romantic gifts,$30-$100,Consistent demand for thoughtful gifts for wives during the holidays.,,,,,
2026-08-12,teacher christmas gifts,,,,30,20,25,15,40,high,gift,,,,gifts,low-medium,Niche market with potential for personalized items.,,,,,
2026-08-12,christmas ornaments near me,,,,20,15,10,5,25,high,local shopping,,,,ornaments,low-medium,Local search indicates immediate purchasing intent.,,,,,
2026-08-12,christmas ornaments nyc,,,,20,15,10,5,25,high,local shopping,,,,ornaments,low-medium,"Specific to a location, indicating a targeted market.",,,,,
2026-08-12,christmas ornaments sale,,,,25,20,15,10,30,high,bargain hunting,,,,ornaments,low,Indicates interest in discounted items during the season.,,,,,
2026-08-12,christmas ornaments personalized,,,,35,30,40,20,50,high,gift,,,,ornaments,medium-high,High demand for personalized gifts during the holiday season.,,,,,
2026-08-12,christmas ornament storage box,,,,15,10,5,5,20,low,organizational,,,,storage boxes,medium,"Lower demand compared to ornaments, but niche market exists.",,,,,
2026-08-12,christmas ornaments to make,,,,30,25,35,20,45,high,DIY,,,,DIY kits,low-medium,Growing interest in DIY projects for the holiday season.,,,,,
2026-08-12,christmas ornament kits,,,,30,25,35,20,45,high,DIY,,,,kits,low-medium,High interest in kits for making ornaments during the season.,,,,,
2026-08-12,vintage christmas ornaments,,,,20,10,15,10,25,high,low,vintage,various,traditional,ornaments,$10-$30,Limited cross-platform presence indicates niche interest.,,,,,
2026-08-12,diamond art christmas ornaments,,,,20,10,15,10,25,high,low,art,acrylic,modern,ornaments,$15-$35,Specific art style may attract a niche audience.,,,,,
2026-08-12,christmas ornaments clearance,,,,20,10,15,10,25,high,high,clearance,various,varied,ornaments,$5-$20,Clearance suggests a focus on budget-conscious buyers.,,,,,
2026-08-12,personalized christmas ornaments,,,,20,10,15,10,25,high,high,personalized,wood/glass,custom,ornaments,$10-$40,Personalization attracts buyers looking for unique gifts.,,,,,
2026-08-12,christmas gifts for women,,,,90,80,70,75,85,high,high,,,,gifts,varied,This keyword has broad appeal across multiple platforms and high search demand.,,,,,
2026-08-12,christmas gifts for men,,,,85,75,70,75,80,high,high,,,,gifts,varied,"This keyword is popular across multiple platforms, indicating strong demand.",,,,,
2026-08-12,christmas tree,,,,70,65,60,65,70,high,medium,,,,decor,varied,"This keyword has consistent demand, particularly during the holiday season.",,,,,
2026-08-12,christmas in july,,,,60,50,55,60,65,medium,medium,,,,gifts,varied,This keyword has niche appeal and can attract seasonal shoppers.,,,,,
2026-08-12,christmas ornaments,,,,75,70,65,70,75,high,high,,,,decor,varied,This keyword indicates strong seasonal demand for decorative items.,,,,,
2026-08-12,christmas gifts for teen girls,,,,80,70,75,75,80,high,high,,,,gifts,varied,This keyword targets a specific demographic with high purchasing intent.,,,,,
2026-08-12,christmas gifts for kids,,,,85,75,70,75,80,high,high,,,,gifts,varied,This keyword has strong demand due to the holiday shopping season.,,,,,
2026-08-12,christmas gifts for girls,,,,80,70,70,75,80,high,high,,,,gifts,varied,This keyword appeals to a specific audience with high purchasing intent.,,,,,
2026-08-12,christmas ornament storage,,,,60,40,50,50,55,high,moderate,,,,storage boxes,$20-$50,This keyword indicates a specific need for organizing Christmas ornaments.,,,,,
2026-08-12,christmas ornaments set,,,,65,45,55,50,60,high,high,,,,ornament sets,$30-$100,Sets of Christmas ornaments are popular for holiday decorating.,,,,,
2026-08-12,christmas decorations outdoor,,,,70,50,60,55,65,high,high,,,,outdoor lights and inflatables,$50-$150,Outdoor decorations are essential for holiday curb appeal.,,,,,
2026-08-12,christmas decorations indoor,,,,75,55,65,60,70,high,high,,,,indoor decor items,$20-$100,Indoor decorations enhance the festive atmosphere of homes.,,,,,
2026-08-12,christmas decorations clearance,,,,50,60,40,45,50,high,moderate,,,,discounted decorations,$5-$30,Clearance items attract bargain hunters post-holiday.,,,,,
2026-08-12,christmas,,,,80,70,75,70,75,very high,very high,,,,various Christmas-themed items,$10-$200,The term 'Christmas' has broad appeal and high search volume.,,,,,
2026-08-12,christmas decorations,,,,85,75,80,75,80,very high,very high,,,,decorative items,$10-$150,A broad category with consistent demand during the holiday season.,,,,,
2026-08-12,christmas gifts,,,,90,80,85,80,85,very high,very high,,,,gift items,$10-$200,Christmas gifts are a primary focus during the holiday shopping season.,,,,,
2026-08-12,christmas ornament,,,,60,40,50,30,70,high,purchase,holiday decor,various,traditional,ornaments,$10-$30,This keyword has a specific product focus with moderate competition.,,,,,
2026-08-12,christmas cactus,,,,40,20,30,20,50,medium,information,holiday plants,live plants,natural,plants,$15-$50,This keyword indicates interest in a specific plant associated with the holiday.,,,,,
2026-08-12,christmas story cast,,,,30,10,20,10,40,low,information,movie collectibles,paper,nostalgic,movie memorabilia,$5-$20,"This keyword reflects interest in a specific movie cast, indicating niche demand.",,,,,
2026-08-12,christmas vacation,,,,50,30,40,20,60,medium,information,movie merchandise,various,humorous,movie-themed gifts,$10-$40,"This keyword indicates interest in a popular holiday movie, suggesting potential for themed products.",,,,,
2026-08-12,christmas movies,,,,70,50,60,50,80,high,information,holiday films,digital/physical,varied,movie collections,$5-$50,This keyword has broad appeal with high search volume around the holiday season.,,,,,
2026-08-12,christmas 2026,,,,20,10,10,5,30,low,information,planning materials,digital,informative,event planning guides,$10-$25,This keyword indicates future planning but has low current demand.,,,,,
2026-08-12,christmas vacation cast,,,,30,10,20,10,40,low,information,movie collectibles,paper,nostalgic,movie memorabilia,$5-$20,This keyword reflects niche interest in a specific movie cast.,,,,,
2026-08-12,christmas day nba games 2026,,,,25,15,15,10,35,low,information,sports events,digital,entertainment,sports event tickets,$20-$100,This keyword indicates a specific interest in sports events during Christmas.,,,,,
2026-08-12,christmas island,,,,10,10,10,10,10,low,informational,informational,digital,none,informational content,low,Limited search presence indicates low demand.,,,,,
2026-08-12,christmas lights,,,,60,50,50,50,60,high,purchase,decor,plastic/electrical,festive,decorative lights,medium,Strong presence on Amazon indicates solid demand for festive products.,,,,,
2026-08-12,christmas decor,,,,70,60,60,60,70,high,purchase,decor,various,festive,decor items,medium,High demand for Christmas decorations on Amazon suggests strong market.,,,,,
2026-08-12,nightmare before christmas,,,,50,50,50,50,50,medium,purchase,themed,various,pop culture,themed merchandise,medium,Niche market presence indicates steady interest in themed products.,,,,,
2026-08-12,christmas in july decorations,,,,40,40,40,40,40,medium,purchase,decor,various,seasonal,decor items,medium,Seasonal interest suggests potential for niche decorations.,,,,,
2026-08-12,christmas gift card book,,,,30,30,30,30,30,high,purchase,gifts,paper/cardboard,functional,gift card holder,low,Specific product type with moderate interest for gifting.,,,,,
2026-08-12,christmas svg,,,,50,40,40,40,50,high,purchase,digital,digital,crafting,digital files,low,Growing interest in digital designs for crafting.,,,,,
2026-08-12,christmas etymology,,,,20,20,20,20,20,low,informational,informational,digital,none,informational content,low,Limited interest suggests low demand for historical content.,,,,,
2026-08-12,christmas story,,,,20,10,15,10,25,high,low,,,,storybooks,$10-$20,Niche keyword with limited competition but low demand.,,,,,
2026-08-12,christian,,,,30,20,25,15,30,medium,medium,,,,apparel,$15-$30,Broad keyword with moderate demand and competition.,,,,,
2026-08-12,christian shops,,,,25,15,20,10,20,medium,medium,,,,gifts,$10-$50,Specific to a niche market with moderate demand.,,,,,
2026-08-12,christmas etymologie,,,,10,5,5,5,10,low,very low,,,,educational materials,$5-$15,Very niche keyword with minimal interest.,,,,,
2026-08-12,christmas story kid,,,,15,10,10,10,20,high,low,,,,children's books,$10-$20,Niche keyword with low demand but specific audience.,,,,,
2026-08-12,christmas gifts 2026,,,,35,25,30,20,40,high,high,,,,gift sets,$20-$100,Future-focused keyword with high demand for gifts.,,,,,
2026-08-12,christmas gifts for mom,,,,40,30,35,25,50,high,high,,,,personalized gifts,$20-$60,Popular keyword with strong buyer intent for gifts.,,,,,
2026-08-12,christmas gifts for coworkers,,,,30,20,25,15,30,high,medium,,,,office gifts,$10-$30,Specific gifting keyword with moderate demand.,,,,,
2026-08-12,christmas gifts for teens,,,,30,10,20,15,25,high,gift shopping,,,,gift sets,20-50,"Appears only in Google, indicating niche interest.",,,,,
2026-08-12,christmas gifts ideas,,,,25,15,20,10,20,high,gift shopping,,,,gift guides,0-20,"Only found in Google, suggesting a search for inspiration.",,,,,
2026-08-12,nightmare before christmas gifts,,,,40,30,35,30,45,medium,themed gifts,,,,themed merchandise,10-40,Specific pop culture reference with demand on Amazon.,,,,,
2026-08-12,toddler christmas gifts,,,,50,40,45,40,55,high,gift shopping,,,,toys and books,10-30,Strong demand on Amazon for toddler gifts.,,,,,
2026-08-12,baby christmas gifts,,,,55,45,50,45,60,high,gift shopping,,,,clothing and toys,15-40,High demand on Amazon for gifts for babies.,,,,,
2026-08-12,christmas gifts for boys,,,,45,35,40,35,50,high,gift shopping,,,,toys and games,10-50,Popular search on Amazon indicating strong interest.,,,,,
2026-08-12,christmas gifts for couples,,,,35,25,30,25,40,high,gift shopping,,,,personalized gifts,30-100,Niche appeal on Etsy for couple gifts.,,,,,
2026-08-12,christmas gifts for her,,,,50,40,45,40,55,high,gift shopping,,,,jewelry and accessories,20-80,Strong presence on Etsy for gifts aimed at women.,,,,,
2026-08-12,christmas gifts for wife,,,,30,20,25,15,40,high,gift,,,,personalized gifts,$30-$100,Specific gift category for a significant other with seasonal demand.,,,,,
2026-08-12,teacher christmas gifts,,,,30,20,25,15,40,high,gift,,,,customized items,$20-$80,Targeted towards a specific profession with seasonal relevance.,,,,,
2026-08-12,christmas ornaments near me,,,,20,10,15,10,30,high,local purchase,,,,local handmade ornaments,$5-$50,Local search indicates immediate purchasing intent for ornaments.,,,,,
2026-08-12,christmas ornaments nyc,,,,20,10,15,10,30,high,local purchase,,,,unique NYC-themed ornaments,$10-$60,"Specific to a major city, indicating localized demand for ornaments.",,,,,
2026-08-12,christmas ornaments sale,,,,25,15,20,15,35,high,bargain shopping,,,,discounted ornaments,$5-$30,Indicates interest in discounted ornaments during the holiday season.,,,,,
2026-08-12,christmas ornaments personalized,,,,40,30,35,25,50,high,gift,,,,customizable ornaments,$15-$75,High demand for personalized items during the holiday season.,,,,,
2026-08-12,christmas ornament storage box,,,,15,10,10,5,20,medium,practical purchase,,,,ornament storage solutions,$10-$40,"Practical item for post-holiday storage, lower seasonal demand.",,,,,
2026-08-12,christmas ornaments to make,,,,25,20,30,20,40,high,DIY,,,,DIY ornament kits,$10-$50,Growing interest in DIY projects during the holiday season.,,,,,
2026-08-12,christmas ornament kits,,,,30,20,25,20,40,high,low,,,,DIY ornament kits,$10-$30,Limited presence on major platforms indicates niche interest.,,,,,
2026-08-12,vintage christmas ornaments,,,,60,50,40,50,30,high,medium,,,,vintage-style ornaments,$15-$50,Strong presence on Amazon suggests consistent demand for vintage items.,,,,,
2026-08-12,diamond art christmas ornaments,,,,50,40,45,40,35,medium,medium,,,,diamond painting kits for ornaments,$20-$40,Emerging trend in crafting suggests potential for growth.,,,,,
2026-08-12,christmas ornaments clearance,,,,40,30,35,30,25,high,high,,,,discounted ornaments,$5-$20,Clearance items attract bargain hunters during the holiday season.,,,,,
2026-08-13,christmas gifts for women,,,,90,80,70,75,85,high,gift shopping,,,,gift sets,$20-$100,High demand across multiple platforms indicates strong buyer interest.,,,,,
2026-08-13,christmas gifts for men,,,,90,80,70,75,85,high,gift shopping,,,,grooming kits,$20-$100,High demand across multiple platforms indicates strong buyer interest.,,,,,
2026-08-13,christmas in july,,,,70,60,65,60,75,medium,holiday preparation,,,,decorations,$10-$50,Moderate interest suggests a niche market for summer holiday themes.,,,,,
2026-08-13,christmas tree,,,,80,70,60,65,70,high,holiday decoration,,,,artificial trees,$50-$300,Strong demand for holiday decorations indicates a consistent market.,,,,,
2026-08-13,christmas story,,,,60,50,55,50,65,medium,thematic gifts,,,,books and memorabilia,$10-$40,Niche interest in a classic theme suggests potential for themed products.,,,,,
2026-08-13,christmas ornaments,,,,80,70,60,65,70,high,holiday decoration,,,,decorative ornaments,$5-$50,Consistent demand for ornaments indicates a stable market for holiday decor.,,,,,
2026-08-13,christmas gifts for teen girls,,,,75,65,70,60,80,high,gift shopping,,,,trendy accessories,$10-$60,Growing interest in gifts for teens suggests a targeted market opportunity.,,,,,
2026-08-13,christmas gifts for kids,,,,80,70,65,60,75,high,gift shopping,,,,toys and games,$10-$100,Strong demand for children's gifts indicates a robust market.,,,,,
2026-08-13,christmas gifts for girls,,,,60,50,70,50,65,high,purchase,,,,toys and accessories,$20-$50,Popular gift category for the holiday season.,,,,,
2026-08-13,christmas ornament storage,,,,55,45,60,50,60,medium,purchase,,,,storage boxes or bags,$15-$30,Essential for maintaining holiday decorations.,,,,,
2026-08-13,christmas ornaments set,,,,65,55,70,60,65,high,purchase,,,,ornament sets,$25-$60,Commonly sought after for holiday decorating.,,,,,
2026-08-13,christmas decorations outdoor,,,,70,60,75,65,70,high,purchase,,,,outdoor lights and decor,$30-$100,High demand for festive outdoor displays.,,,,,
2026-08-13,christmas decorations indoor,,,,70,60,75,65,70,high,purchase,,,,indoor decorations,$20-$80,Essential for creating a festive atmosphere indoors.,,,,,
2026-08-13,christmas decorations clearance,,,,50,40,55,50,55,medium,bargain hunting,,,,discounted decorations,$10-$30,Attracts budget-conscious shoppers post-holiday.,,,,,
2026-08-13,christmas,,,,80,70,85,80,75,very high,general,,,,various Christmas items,$10-$100,Broad interest in all things related to Christmas.,,,,,
2026-08-13,christmas decorations,,,,80,70,85,80,75,very high,general,,,,decorative items,$10-$100,High demand for a variety of Christmas decorations.,,,,,
2026-08-13,christmas gifts,,,,60,40,50,30,70,high,purchase,,,,gift sets,$20-$100,Christmas gifts are a popular category during the holiday season.,,,,,
2026-08-13,christmas ornament,,,,65,45,55,40,75,high,purchase,,,,personalized ornaments,$10-$50,Christmas ornaments are essential for holiday decorations.,,,,,
2026-08-13,christmas cactus,,,,30,20,25,20,40,medium,interest,,,,live plants,$15-$30,Christmas cactus is a unique plant associated with the holiday.,,,,,
2026-08-13,christmas vacation,,,,25,15,20,15,30,low,interest,,,,travel guides,$10-$40,Related to holiday travel and leisure.,,,,,
2026-08-13,christmas movies,,,,50,35,45,30,60,high,entertainment,,,,DVD collections,$15-$60,Christmas movies are a staple during the holiday season.,,,,,
2026-08-13,christmas vacation cast,,,,20,10,15,10,25,low,interest,,,,movie memorabilia,$5-$30,Specific interest in the cast of a popular movie.,,,,,
2026-08-13,christmas 2026,,,,15,5,10,5,20,low,interest,,,,event planning guides,$10-$50,Future-oriented keyword with low current demand.,,,,,
2026-08-13,christmas island,,,,10,5,5,5,15,low,interest,,,,travel packages,$500-$2000,Low demand for a specific geographical location.,,,,,
2026-08-13,christmas story cast,,,,20,10,15,10,25,low,informational,,,,book,10-20,Low demand and competition indicate niche interest.,,,,,
2026-08-13,christmas lights,,,,70,60,65,70,50,high,purchase,,,,decorative lights,20-50,High demand and competition make this a popular seasonal item.,,,,,
2026-08-13,christmas decor,,,,75,65,70,75,55,high,purchase,,,,ornaments,15-40,Strong demand and competition indicate a lucrative market.,,,,,
2026-08-13,nightmare before christmas,,,,60,50,55,60,45,medium,purchase,,,,merchandise,20-35,Moderate demand and competition suggest a dedicated fan base.,,,,,
2026-08-13,christmas in july decorations,,,,50,40,45,50,40,medium,purchase,,,,decorations,15-30,Niche market with moderate interest for summer celebrations.,,,,,
2026-08-13,christmas gift card book,,,,40,30,35,40,30,high,purchase,,,,gift card holder,10-25,Moderate demand for unique gift ideas during the holiday season.,,,,,
2026-08-13,christmas svg,,,,55,45,50,55,50,high,purchase,,,,digital files,5-15,Growing interest in digital designs for holiday crafts.,,,,,
2026-08-13,christmas etymology,,,,15,10,10,10,20,low,informational,,,,book,10-20,Low demand indicates a niche interest in the topic.,,,,,
2026-08-13,christian,,,,20,10,15,10,25,low,low,,,,decor,$20-$50,Limited presence on major platforms indicates niche demand.,,,,,
2026-08-13,christian shops,,,,15,5,10,5,20,low,low,,,,gift items,$10-$30,Niche keyword with low competition suggests limited but specific interest.,,,,,
2026-08-13,christmas etymologie,,,,10,5,5,5,15,low,very low,,,,educational material,$5-$15,Very niche keyword with limited appeal and low search volume.,,,,,
2026-08-13,christmas story kid,,,,30,20,25,20,35,high,medium,,,,storybooks,$10-$25,Appeals to parents looking for Christmas-themed stories for children.,,,,,
2026-08-13,christmas gifts 2026,,,,40,30,50,45,60,high,high,,,,various gifts,$10-$100,High search volume indicates strong interest in upcoming holiday gifts.,,,,,
2026-08-13,christmas gifts for mom,,,,50,40,60,55,70,high,high,,,,personalized gifts,$20-$100,Strong demand for personalized gifts for mothers during the holiday season.,,,,,
2026-08-13,christmas gifts for coworkers,,,,45,35,55,50,65,high,medium,,,,office gifts,$10-$50,Growing trend of gifting in workplace settings during holidays.,,,,,
2026-08-13,christmas gifts for teens,,,,55,45,65,60,75,high,high,,,,trendy gifts,$15-$75,High demand for trendy and personalized gifts for teenagers.,,,,,
2026-08-13,christmas gifts ideas,,,,30,20,10,15,25,high,informational,,,,gift guides,varied,This keyword has low competition but is highly seasonal.,,,,,
2026-08-13,nightmare before christmas gifts,,,,40,50,30,20,35,medium,purchase,,,,themed merchandise,$20-$50,This keyword targets a specific fandom with moderate competition.,,,,,
2026-08-13,toddler christmas gifts,,,,45,55,40,30,50,high,purchase,,,,toys and educational items,$10-$30,High demand for toddler gifts during the holiday season.,,,,,
2026-08-13,baby christmas gifts,,,,50,60,45,35,55,high,purchase,,,,clothing and toys,$15-$40,"Consistent demand for baby gifts, especially during holidays.",,,,,
2026-08-13,christmas gifts for boys,,,,40,50,30,25,45,high,purchase,,,,toys and games,$10-$50,Targeted gifts for boys have consistent seasonal demand.,,,,,
2026-08-13,christmas gifts for couples,,,,35,45,25,20,30,high,purchase,,,,experiences and personalized items,$30-$100,Couples gifts are popular during the holiday season.,,,,,
2026-08-13,christmas gifts for her,,,,50,60,40,35,55,high,purchase,,,,jewelry and beauty products,$20-$100,High demand for gifts targeted at women during Christmas.,,,,,
2026-08-13,christmas gifts for wife,,,,55,65,50,40,60,high,purchase,,,,luxury items and personalized gifts,$50-$200,Consistent high demand for gifts for wives during Christmas.,,,,,
2026-08-13,teacher christmas gifts,,,,30,20,40,25,35,high,gift,,,,gifts,medium,Niche market for personalized gifts for teachers during the holiday season.,,,,,
2026-08-13,christmas ornaments near me,,,,40,30,20,25,30,high,purchase,,,,ornaments,low to medium,Local search indicates a desire for immediate availability of ornaments.,,,,,
2026-08-13,christmas ornaments nyc,,,,40,30,20,25,30,high,purchase,,,,ornaments,low to medium,"Specific to a major city, indicating localized demand for ornaments.",,,,,
2026-08-13,christmas ornaments sale,,,,50,40,30,35,45,high,bargain,,,,ornaments,low,High interest in discounted ornaments during the holiday season.,,,,,
2026-08-13,christmas ornaments personalized,,,,60,50,70,65,75,high,gift,,,,ornaments,medium,"Strong demand for unique, personalized ornaments as gifts.",,,,,
2026-08-13,christmas ornament storage box,,,,20,15,25,20,15,medium,purchase,,,,storage box,medium,Lower demand for storage solutions compared to ornaments themselves.,,,,,
2026-08-13,christmas ornaments to make,,,,50,40,60,55,65,high,DIY,,,,DIY kits,low to medium,Growing interest in DIY projects for holiday decorations.,,,,,
2026-08-13,christmas ornament crafts,,,,50,40,60,55,65,high,DIY,,,,craft supplies,low to medium,High interest in crafting ornaments during the holiday season.,,,,,
2026-08-13,vintage christmas ornaments,,,,30,20,10,15,25,high,gift,ornaments,vintage,classic,ornaments,$10-$30,Appeals to collectors and those seeking nostalgic decor.,,,,,
2026-08-13,diamond art christmas ornaments,,,,25,15,20,10,30,medium,crafting,ornaments,craft,artistic,ornaments,$15-$25,Combines popular diamond painting with holiday decor.,,,,,
2026-08-13,christmas ornaments clearance,,,,40,30,15,20,35,high,bargain,ornaments,varied,seasonal,ornaments,$5-$15,Targets budget-conscious shoppers looking for deals.,,,,,
2026-08-13,personalized christmas ornaments,,,,50,40,30,25,45,high,gift,ornaments,custom,personalized,ornaments,$10-$40,"Highly sought after for unique, custom gifts.",,,,,
2026-08-14,christmas gifts for women,,,,90,80,70,75,85,high,purchase,gifts,various,holiday,gift sets,$20-$100,High demand for gifts specifically targeted at women during the holiday season.,,,,,
2026-08-14,christmas gifts for men,,,,90,80,70,75,85,high,purchase,gifts,various,holiday,gadgets,$20-$150,Consistent demand for men's gifts during the holiday season.,,,,,
2026-08-14,christmas in july,,,,70,60,65,60,75,medium,purchase,seasonal,various,summer,decorations,$10-$50,Growing trend for mid-year holiday celebrations.,,,,,
2026-08-14,christmas tree,,,,80,75,70,70,80,high,purchase,decor,plastic,holiday,artificial trees,$50-$300,Essential item for holiday decorations with consistent demand.,,,,,
2026-08-14,christmas story,,,,60,50,55,50,65,medium,entertainment,media,paper,nostalgic,books,$10-$30,Nostalgic theme with moderate demand during the holiday season.,,,,,
2026-08-14,christmas decor,,,,80,75,70,70,80,high,purchase,decor,various,holiday,ornaments,$5-$100,High demand for decorative items during the holiday season.,,,,,
2026-08-14,christmas ornaments,,,,80,75,70,70,80,high,purchase,decor,glass,holiday,personalized ornaments,$10-$50,Popular items for tree decoration with consistent holiday demand.,,,,,
2026-08-14,christmas gifts for teen girls,,,,85,75,70,75,80,high,purchase,gifts,various,fashion,fashion accessories,$15-$75,Targeted gifts for a specific demographic with strong holiday interest.,,,,,
2026-08-14,christmas gifts for kids,,,,70,60,50,60,65,high,gift shopping,gifts,various,fun,toys,$20-$50,High demand for children's gifts during the holiday season.,,,,,
2026-08-14,christmas gifts for girls,,,,70,60,50,60,65,high,gift shopping,gifts,various,fun,dolls,$20-$50,Targeted gifts for girls are popular during Christmas.,,,,,
2026-08-14,christmas ornament storage,,,,65,55,50,55,60,medium,organizational,storage,plastic,functional,storage boxes,$15-$30,Consumers seek solutions for storing ornaments post-holiday.,,,,,
2026-08-14,christmas ornaments set,,,,70,60,55,60,65,high,decorating,decor,glass,traditional,ornament sets,$25-$60,Sets of ornaments are popular for holiday decorating.,,,,,
2026-08-14,christmas decorations outdoor,,,,75,65,60,65,70,high,decorating,decor,LED,festive,lights,$30-$100,Outdoor decorations are essential for festive curb appeal.,,,,,
2026-08-14,christmas decorations indoor,,,,75,65,60,65,70,high,decorating,decor,various,festive,decorative items,$20-$80,Indoor decorations enhance the holiday spirit within homes.,,,,,
2026-08-14,christmas decorations clearance,,,,60,50,55,50,55,medium,bargain shopping,clearance,various,functional,discounted decor,$10-$30,Clearance items attract budget-conscious shoppers post-holiday.,,,,,
2026-08-14,christmas,,,,80,75,70,75,75,very high,general holiday shopping,holiday,various,festive,various,$10-$100,Christmas is a major holiday driving extensive consumer spending.,,,,,
2026-08-14,christmas decorations,,,,30,70,20,10,40,high,gift,,,,decorative items,low to mid,High competition on Amazon indicates a saturated market.,,,,,
2026-08-14,christmas gifts,,,,40,80,30,20,30,high,gift,,,,gift items,low to high,Very high competition suggests a need for unique offerings.,,,,,
2026-08-14,christmas ornament,,,,35,75,25,15,35,high,gift,,,,ornaments,low to mid,Moderate demand with high competition indicates a niche market.,,,,,
2026-08-14,christmas cactus,,,,20,50,10,5,25,medium,plant enthusiasts,,,,plants,low to mid,Lower demand but niche interest in plants for the holiday.,,,,,
2026-08-14,christmas vacation,,,,15,40,5,5,20,medium,entertainment,,,,movie merchandise,low to mid,Low demand and competition suggest limited product opportunities.,,,,,
2026-08-14,christmas movies,,,,25,60,15,10,30,high,entertainment,,,,movie-themed items,low to mid,Moderate demand with potential for themed products.,,,,,
2026-08-14,christmas vacation cast,,,,10,30,5,5,15,low,entertainment,,,,movie merchandise,low,Very low demand suggests limited market potential.,,,,,
2026-08-14,christmas 2026,,,,5,10,2,2,5,low,planning,,,,future-themed items,low,Very low demand indicates minimal interest in future holiday products.,,,,,
2026-08-14,christmas island,,,,10,10,10,10,10,low,informational,travel,paper,informative,travel guides,10-30,Limited search presence indicates low demand.,,,,,
2026-08-14,christmas lights,,,,50,40,30,20,40,high,purchase,decor,plastic,festive,LED string lights,20-50,Popular seasonal item with consistent demand.,,,,,
2026-08-14,nightmare before christmas,,,,40,50,30,20,30,medium,purchase,merchandise,cotton,thematic,merchandise,15-40,Cult classic with a dedicated fanbase.,,,,,
2026-08-14,christmas in july decorations,,,,30,30,20,10,20,medium,purchase,decor,various,thematic,decorative items,10-25,Niche market with specific seasonal appeal.,,,,,
2026-08-14,christmas gift card book,,,,20,20,10,10,20,high,purchase,gifts,cardstock,functional,gift card holder,5-15,Specific product with limited market presence.,,,,,
2026-08-14,christmas svg,,,,30,30,20,10,30,high,purchase,digital,digital,graphic,digital downloads,5-15,Growing interest in digital design assets.,,,,,
2026-08-14,christmas etymology,,,,10,10,10,10,10,low,informational,education,paper,informative,books,10-30,Limited interest suggests low demand.,,,,,
2026-08-14,christian,,,,20,20,10,10,20,medium,informational,religion,various,thematic,books or merchandise,10-30,Broad term with limited specific product demand.,,,,,
2026-08-14,christian shops,,,,20,10,15,5,25,low,low,religious gifts,various,traditional,religious decor,$20-$50,Limited presence on major platforms indicates niche demand.,,,,,
2026-08-14,christmas etymologie,,,,15,5,10,5,20,low,low,educational material,paper,informative,educational books,$10-$30,Niche interest in the origin of Christmas suggests limited market.,,,,,
2026-08-14,christmas story kid,,,,25,15,20,10,30,high,medium,children's literature,paper,illustrative,children's books,$5-$25,Interest in children's Christmas stories indicates potential for growth.,,,,,
2026-08-14,christmas gifts 2026,,,,30,20,25,15,35,high,high,gift ideas,various,modern,gift bundles,$30-$100,Future-oriented gift searches indicate strong buyer intent.,,,,,
2026-08-14,christmas gifts for mom,,,,40,30,35,20,45,high,high,gifts for her,metal,elegant,personalized jewelry,$25-$75,Specific targeting for moms indicates strong demand for personalized gifts.,,,,,
2026-08-14,christmas gifts for coworkers,,,,35,25,30,15,40,high,medium,office gifts,various,professional,office gift sets,$15-$50,Workplace gift-giving is a growing trend during the holidays.,,,,,
2026-08-14,christmas gifts for teens,,,,40,30,35,20,45,high,high,gifts for teens,various,trendy,trendy gadgets,$20-$80,Teens are a specific demographic with unique gift preferences.,,,,,
2026-08-14,christmas gifts ideas,,,,50,40,45,30,50,high,high,gift ideas,various,informative,gift guides,$10-$50,Broad interest in gift ideas indicates high potential for various products.,,,,,
2026-08-14,nightmare before christmas gifts,,,,30,20,10,15,25,seasonal,gift,themed gifts,varied,novelty,themed merchandise,$20-$50,Niche themed gifts with limited competition.,,,,,
2026-08-14,toddler christmas gifts,,,,40,30,20,25,35,seasonal,gift,children's gifts,safe materials,playful,toys and educational items,$10-$40,Consistent demand for toddler gifts during the holiday season.,,,,,
2026-08-14,baby christmas gifts,,,,45,35,25,30,40,seasonal,gift,baby gifts,soft materials,cute,clothing and toys,$15-$50,High demand for baby gifts during Christmas.,,,,,
2026-08-14,christmas gifts for boys,,,,50,40,30,35,45,seasonal,gift,children's gifts,varied,playful,toys and games,$10-$60,Broad category with consistent demand for boys' gifts.,,,,,
2026-08-14,christmas gifts for couples,,,,35,25,15,20,30,seasonal,gift,couples' gifts,varied,romantic,matching items,$30-$100,Growing interest in couple-oriented gifts.,,,,,
2026-08-14,christmas gifts for her,,,,60,50,40,45,55,seasonal,gift,women's gifts,varied,elegant,jewelry and accessories,$20-$80,High demand for gifts targeted towards women.,,,,,
2026-08-14,christmas gifts for wife,,,,55,45,35,40,50,seasonal,gift,wife's gifts,varied,romantic,personalized gifts,$30-$100,Consistent demand for gifts specifically for wives.,,,,,
2026-08-14,teacher christmas gifts,,,,50,40,30,35,45,seasonal,gift,teacher gifts,varied,appreciative,appreciation gifts,$10-$50,Steady demand for gifts for teachers during the holiday season.,,,,,
2026-08-14,christmas ornaments near me,,,,20,10,15,10,25,high,local purchase,ornaments,various,seasonal,ornaments,low-medium,People are looking for nearby options for Christmas ornaments.,,,,,
2026-08-14,christmas ornaments nyc,,,,20,10,15,10,25,high,local purchase,ornaments,various,seasonal,ornaments,low-medium,"Specific to NYC, indicating a localized search for ornaments.",,,,,
2026-08-14,christmas ornaments sale,,,,30,20,25,20,30,high,bargain hunting,ornaments,various,seasonal,ornaments,low,Indicates a search for discounted ornaments during the holiday season.,,,,,
2026-08-14,christmas ornaments personalized,,,,40,30,35,30,40,high,custom gift,ornaments,various,custom,personalized ornaments,medium-high,High interest in personalized ornaments for gifting.,,,,,
2026-08-14,christmas ornament storage box,,,,25,15,20,15,25,medium,organizational,storage,various,functional,storage boxes,low-medium,Search for storage solutions indicates a need for organization.,,,,,
2026-08-14,christmas ornaments to make,,,,35,25,30,25,35,high,DIY projects,crafts,various,DIY,DIY ornament kits,low-medium,Interest in crafting ornaments suggests a DIY trend.,,,,,
2026-08-14,christmas ornament crafts,,,,30,20,25,20,30,high,crafting,crafts,various,DIY,craft kits,low-medium,Focus on crafts indicates a strong DIY community interest.,,,,,
2026-08-14,vintage christmas ornaments,,,,30,25,20,20,30,high,nostalgic purchase,vintage,various,nostalgic,vintage ornaments,medium-high,Interest in vintage items suggests a niche market for collectors.,,,,,
2026-08-14,diamond art christmas ornaments,,,,30,20,40,30,50,high,gift,Christmas ornaments,art,craft,diamond art ornaments,$10-$30,Niche product with potential for personalization.,,,,,
2026-08-14,christmas ornaments clearance,,,,25,30,20,25,40,high,bargain,Christmas ornaments,varied,discount,clearance ornaments,$5-$15,Clearance items attract budget-conscious shoppers.,,,,,
2026-08-14,personalized christmas ornaments,,,,70,60,80,70,75,high,gift,Christmas ornaments,ceramic,personalized,custom ornaments,$15-$40,High demand for personalized gifts during the holiday season.,,,,,
2026-08-14,clear christmas ornaments balls,,,,40,30,50,40,60,high,decor,Christmas ornaments,glass,decorative,clear ornament balls,$10-$25,Versatile decor items for various holiday themes.,,,,,
2026-08-15,christmas gifts for women,,,,90,85,75,80,70,high,high,,,,gift sets,$20-$100,Strong demand across multiple platforms for women's gifts during Christmas.,,,,,
2026-08-15,christmas gifts for men,,,,90,85,75,80,70,high,high,,,,gadgets,$20-$100,Strong demand across multiple platforms for men's gifts during Christmas.,,,,,
2026-08-15,christmas tree,,,,80,70,60,65,50,high,medium,,,,artificial trees,$50-$200,"Commonly searched item for Christmas decor, with moderate competition.",,,,,
2026-08-15,christmas story,,,,70,60,55,50,40,medium,medium,,,,books,$10-$30,"Niche interest in Christmas stories, with lower competition.",,,,,
2026-08-15,christmas ornaments,,,,80,75,65,70,60,high,high,,,,decorative ornaments,$5-$50,Popular item for Christmas decoration with good demand.,,,,,
2026-08-15,christmas gifts for mom,,,,90,85,75,80,70,high,high,,,,spa kits,$20-$100,Strong demand across multiple platforms for gifts for moms during Christmas.,,,,,
2026-08-15,christmas gifts for teen girls,,,,85,80,70,75,65,high,high,,,,trendy accessories,$15-$75,Increasing interest in gifts for teen girls during the holiday season.,,,,,
2026-08-15,christmas gifts for kids,,,,90,85,75,80,70,high,high,,,,toys,$10-$50,Consistent demand for kids' gifts during Christmas across platforms.,,,,,
2026-08-15,christmas gifts for girls,,,,70,60,50,55,65,high,high,,,,toys and accessories,$20-$50,Popular gift category for the holiday season.,,,,,
2026-08-15,christmas ornament storage,,,,60,50,55,50,60,medium,medium,,,,storage boxes,$15-$30,Practical solution for holiday decoration management.,,,,,
2026-08-15,christmas ornaments set,,,,65,55,60,55,65,high,high,,,,ornament sets,$25-$75,Essential for holiday decorating.,,,,,
2026-08-15,christmas decorations outdoor,,,,70,65,60,65,70,high,high,,,,outdoor lights and decorations,$30-$100,High demand for festive outdoor displays.,,,,,
2026-08-15,christmas decorations indoor,,,,70,60,65,60,70,high,high,,,,indoor decorations,$20-$80,Essential for creating a festive atmosphere indoors.,,,,,
2026-08-15,christmas decorations clearance,,,,55,50,45,50,55,medium,medium,,,,discounted decorations,$5-$30,Attracts bargain hunters post-holiday.,,,,,
2026-08-15,christmas,,,,80,75,70,75,80,very high,very high,,,,various holiday items,$10-$100,Core holiday keyword with broad appeal.,,,,,
2026-08-15,christmas decorations,,,,75,70,65,70,75,very high,very high,,,,decorative items,$15-$100,High demand for a wide range of holiday decorations.,,,,,
2026-08-15,christmas gifts,,,,60,40,50,50,55,high,purchase,,,,gift sets,$20-$100,Popular search term for holiday shopping.,,,,,
2026-08-15,christmas ornament,,,,65,45,55,60,50,high,purchase,,,,personalized ornaments,$10-$50,Commonly sought after for holiday decorations.,,,,,
2026-08-15,christmas in july,,,,40,30,45,50,35,medium,exploration,,,,themed decorations,$15-$60,A niche holiday celebration generating interest.,,,,,
2026-08-15,christmas cactus,,,,30,20,25,30,20,low,exploration,,,,live plants,$10-$40,Less common plant associated with the holiday.,,,,,
2026-08-15,christmas movies,,,,55,35,50,50,45,high,entertainment,,,,movie collections,$10-$50,A popular category during the holiday season.,,,,,
2026-08-15,christmas vacation,,,,50,30,40,45,40,medium,entertainment,,,,movie merchandise,$15-$60,Iconic holiday movie generating consistent interest.,,,,,
2026-08-15,christmas island,,,,20,10,15,10,10,low,exploration,,,,travel guides,$5-$30,Limited interest in this geographical reference.,,,,,
2026-08-15,christmas 2026,,,,25,15,20,15,15,low,exploration,,,,future event planners,$10-$40,Future-oriented search with limited current relevance.,,,,,
2026-08-15,christmas story cast,,,,10,10,10,10,10,low,informational,movie memorabilia,paper,nostalgic,movie memorabilia,low,Low demand and competition indicate limited interest.,,,,,
2026-08-15,christmas fern,,,,10,10,10,10,10,low,informational,home decor,plastic,natural,decorative plants,medium,Low demand and competition suggest niche interest.,,,,,
2026-08-15,christmas lights,,,,40,40,40,40,40,high,purchase,holiday lighting,plastic,festive,LED lights,low-medium,Moderate demand indicates a steady market for festive lighting.,,,,,
2026-08-15,christmas decor,,,,40,40,40,40,40,high,purchase,holiday decor,glass,traditional,ornaments,medium,Moderate demand indicates a steady market for seasonal decorations.,,,,,
2026-08-15,nightmare before christmas,,,,40,40,40,40,40,medium,purchase,movie merchandise,cotton,themed,themed apparel,medium,Moderate demand indicates a niche market for themed merchandise.,,,,,
2026-08-15,christmas in july decorations,,,,40,40,40,40,40,medium,purchase,seasonal decor,plastic,festive,summer decorations,medium,Moderate demand indicates a unique seasonal niche.,,,,,
2026-08-15,christmas gift card book,,,,40,40,40,40,40,high,purchase,gift items,paper,functional,gift card holders,low-medium,Moderate demand indicates a steady market for gift items.,,,,,
2026-08-15,christmas wrapping paper,,,,40,40,40,40,40,high,purchase,gift supplies,paper,festive,wrapping paper,low,Moderate demand indicates a steady market for wrapping supplies.,,,,,
2026-08-15,christmas svg,,,,30,20,25,15,40,high,medium,holiday,digital,graphic,SVG files,low,Niche design element for holiday crafts.,,,,,
2026-08-15,christmas etymology,,,,10,5,15,10,20,low,low,education,paper,informative,books,medium,Limited interest in the historical aspect of Christmas.,,,,,
2026-08-15,christian,,,,20,15,25,20,30,medium,medium,faith,fabric,casual,apparel,medium,Broad interest in Christian-themed products.,,,,,
2026-08-15,christian shops,,,,15,10,20,15,25,medium,medium,faith,varied,diverse,gift items,medium,Interest in shopping for Christian-themed items.,,,,,
2026-08-15,christmas etymologie,,,,10,5,15,10,20,low,low,education,paper,informative,books,medium,Similar to 'christmas etymology' with limited appeal.,,,,,
2026-08-15,christmas story kid,,,,25,20,30,25,35,high,high,children's literature,paper,narrative,children's books,medium,Appealing to parents looking for Christmas stories for children.,,,,,
2026-08-15,christmas gifts 2026,,,,40,35,50,45,60,high,high,gifts,varied,diverse,gift items,medium to high,Future-oriented search for Christmas gifts indicates strong demand.,,,,,
2026-08-15,christmas gifts for coworkers,,,,35,30,40,35,50,high,high,gifts,varied,professional,office gifts,medium,Specific search for workplace gift ideas shows strong intent.,,,,,
2026-08-15,christmas gifts for teens,,,,30,20,40,20,50,high,gift shopping,,,,gift sets,$20-$50,"Specific to a demographic, indicating targeted gift options.",,,,,
2026-08-15,christmas gifts ideas,,,,25,15,35,25,45,high,gift planning,,,,gift guides,$10-$100,"Broad search for inspiration, indicating a wide range of potential products.",,,,,
2026-08-15,nightmare before christmas gifts,,,,40,30,50,60,70,medium,themed gifts,,,,themed merchandise,$15-$60,Popular movie theme indicates a niche market with dedicated fans.,,,,,
2026-08-15,toddler christmas gifts,,,,35,25,45,40,55,high,gift shopping,,,,toys and educational items,$10-$40,Focus on a specific age group suggests targeted product offerings.,,,,,
2026-08-15,baby christmas gifts,,,,30,20,40,30,50,high,gift shopping,,,,clothing and toys,$15-$50,"Appeals to new parents, indicating a steady demand for baby-related gifts.",,,,,
2026-08-15,christmas gifts for couples,,,,30,25,40,35,50,high,gift shopping,,,,experience gifts,$30-$100,"Targets couples, suggesting a market for romantic and shared gifts.",,,,,
2026-08-15,christmas gifts for her,,,,35,30,45,40,60,high,gift shopping,,,,jewelry and accessories,$20-$100,Broad appeal for female gifts indicates a diverse product range.,,,,,
2026-08-15,christmas gifts for wife,,,,40,35,50,45,65,high,gift shopping,,,,luxury items,$50-$200,"Specific to wives, indicating a targeted and potentially lucrative market.",,,,,
2026-08-15,teacher christmas gifts,,,,30,20,25,20,40,high,gift,,,,gifts,$20-$50,Niche market with specific audience interest.,,,,,
2026-08-15,christmas ornaments near me,,,,40,30,30,25,35,high,local purchase,,,,ornaments,$10-$30,Local search indicates immediate buying intent.,,,,,
2026-08-15,christmas ornaments nyc,,,,35,25,30,20,30,high,local purchase,,,,ornaments,$10-$30,Specific location search indicates targeted interest.,,,,,
2026-08-15,christmas ornaments sale,,,,45,40,35,30,50,high,bargain,,,,ornaments,$5-$25,Sales indicate a strong desire for discounts.,,,,,
2026-08-15,christmas ornaments personalized,,,,50,45,40,35,55,high,gift,,,,personalized ornaments,$15-$40,Personalization is a growing trend in holiday gifts.,,,,,
2026-08-15,christmas ornament storage box,,,,25,20,15,10,20,medium,utility,,,,storage boxes,$10-$30,Practical item with lower demand compared to ornaments.,,,,,
2026-08-15,christmas ornaments to make,,,,30,25,20,15,25,high,DIY,,,,DIY kits,$10-$30,Crafting interest peaks during the holiday season.,,,,,
2026-08-15,christmas ornament crafts,,,,30,25,20,15,25,high,DIY,,,,craft kits,$10-$30,"Similar to 'to make', indicating crafting interest.",,,,,
2026-08-15,vintage christmas ornaments,,,,30,20,10,15,25,high,moderate,ornaments,glass,vintage,ornaments,$10-$30,Appeals to collectors and vintage enthusiasts.,,,,,
2026-08-15,diamond art christmas ornaments,,,,25,15,20,10,30,high,moderate,ornaments,acrylic,artistic,ornaments,$15-$40,Combines popular diamond art with holiday decor.,,,,,
2026-08-15,personalized christmas ornaments,,,,50,40,30,35,60,high,high,ornaments,wood,,ornaments,$10-$50,Highly sought after for gifting and personalization.,,,,,
2026-08-15,christmas ornaments clearance,,,,20,30,15,10,20,high,low,ornaments,various,clearance,ornaments,$5-$15,Appeals to bargain hunters post-holiday season.,,,,,
2026-08-16,christmas gifts for women,,,,90,80,70,75,85,high,gift shopping,,,,personalized gifts,$20-$100,High demand for gifts specifically targeted at women during the holiday season.,,,,,
2026-08-16,christmas gifts for men,,,,88,78,72,74,82,high,gift shopping,,,,gadget gifts,$25-$150,Consistent demand for gifts aimed at men during the festive season.,,,,,
2026-08-16,christmas tree,,,,85,75,60,70,80,high,home decoration,,,,artificial trees,$50-$300,"Essential item for Christmas celebrations, with high seasonal demand.",,,,,
2026-08-16,christmas story,,,,70,65,50,55,60,medium,entertainment,,,,books and movies,$10-$50,"Interest in Christmas-themed stories and movies, especially around the holidays.",,,,,
2026-08-16,christmas decor,,,,80,70,65,68,75,high,home decoration,,,,ornaments and lights,$15-$100,High demand for various decorative items during the Christmas season.,,,,,
2026-08-16,christmas ornaments,,,,78,72,60,65,70,high,home decoration,,,,custom ornaments,$10-$50,Popular item for personalizing Christmas trees and home decor.,,,,,
2026-08-16,christmas gifts for mom,,,,85,75,70,73,80,high,gift shopping,,,,personalized jewelry,$30-$200,Strong demand for gifts specifically for mothers during the holiday season.,,,,,
2026-08-16,christmas gifts for teen girls,,,,82,70,65,68,75,high,gift shopping,,,,trendy accessories,$15-$75,Growing interest in gifts tailored for teenage girls during the holiday season.,,,,,
2026-08-16,christmas gifts for kids,,,,70,60,50,50,65,high,gift,,,,toys and games,$20-$50,High demand for children's gifts during the holiday season.,,,,,
2026-08-16,christmas gifts for girls,,,,70,60,50,50,65,high,gift,,,,dolls and crafts,$20-$50,Targeted gifts for girls are popular during Christmas.,,,,,
2026-08-16,christmas ornament storage,,,,65,55,50,50,60,medium,utility,,,,storage boxes,$15-$30,Practical solutions for ornament storage are sought after post-holiday.,,,,,
2026-08-16,christmas ornaments set,,,,70,60,50,50,65,high,decor,,,,ornament sets,$25-$60,Sets of ornaments are popular for holiday decorating.,,,,,
2026-08-16,christmas decorations outdoor,,,,75,65,55,55,70,high,decor,,,,lights and inflatables,$30-$100,Outdoor decorations are essential for festive displays.,,,,,
2026-08-16,christmas decorations indoor,,,,75,65,55,55,70,high,decor,,,,wreaths and garlands,$20-$80,Indoor decorations enhance the holiday spirit at home.,,,,,
2026-08-16,christmas decorations clearance,,,,60,50,40,45,55,medium,bargain,,,,discounted decorations,$10-$30,Clearance items attract budget-conscious shoppers after the holidays.,,,,,
2026-08-16,christmas,,,,80,70,60,60,75,very high,general,,,,various holiday items,$10-$100,Christmas is a major holiday with widespread consumer interest.,,,,,
2026-08-16,christmas decorations,,,,40,60,20,30,30,high,purchase,,,,decorative items,medium,Christmas decorations are a staple during the holiday season.,,,,,
2026-08-16,christmas gifts,,,,50,70,30,40,20,high,purchase,,,,gift items,varied,Christmas gifts are in high demand during the holiday season.,,,,,
2026-08-16,christmas ornament,,,,45,65,25,35,25,high,purchase,,,,ornaments,low to medium,Ornaments are a popular item for Christmas tree decoration.,,,,,
2026-08-16,christmas in july,,,,30,40,20,25,15,medium,research,,,,themed items,varied,This phrase indicates a seasonal celebration that is less common.,,,,,
2026-08-16,christmas vacation,,,,25,35,15,20,10,medium,research,,,,movie merchandise,low to medium,"Refers to a popular holiday movie, indicating niche interest.",,,,,
2026-08-16,christmas movies,,,,35,50,20,30,20,high,research,,,,movie collections,low to medium,Christmas movies are widely popular during the holiday season.,,,,,
2026-08-16,christmas cactus,,,,20,30,10,15,5,low,purchase,,,,plants,low,"A niche plant associated with Christmas, appealing to plant lovers.",,,,,
2026-08-16,christmas vacation cast,,,,15,25,5,10,5,low,research,,,,movie memorabilia,varied,"Specific interest in the cast of a popular movie, indicating niche appeal.",,,,,
2026-08-16,christmas island,,,,10,5,5,5,5,low,informational,,,,travel guides,$10-$30,Low demand and competition indicate limited interest.,,,,,
2026-08-16,christmas 2026,,,,15,5,10,5,10,high,planning,,,,calendars,$5-$20,Future-oriented keyword with potential for seasonal products.,,,,,
2026-08-16,christmas lights,,,,70,60,50,40,30,high,purchase,,,,LED lights,$15-$50,High demand for decorative items during the holiday season.,,,,,
2026-08-16,nightmare before christmas,,,,60,50,40,30,20,medium,purchase,,,,merchandise,$10-$40,"Popular theme with a dedicated fan base, especially around holidays.",,,,,
2026-08-16,christmas in july decorations,,,,40,30,20,10,15,medium,purchase,,,,decorative items,$10-$25,Niche market for mid-year holiday celebrations.,,,,,
2026-08-16,christmas gift card book,,,,50,40,30,20,25,high,purchase,,,,gift card holders,$5-$15,"Gift cards are popular, especially during the holiday season.",,,,,
2026-08-16,christmas wrapping paper,,,,65,55,45,35,30,high,purchase,,,,wrapping paper rolls,$10-$30,Essential for gift wrapping during the holiday season.,,,,,
2026-08-16,christmas svg,,,,30,20,15,10,20,medium,purchase,,,,digital downloads,$2-$10,Growing interest in digital designs for crafting.,,,,,
2026-08-16,christmas etymology,,,,10,20,5,10,15,low,informational,,,,educational materials,low,"This keyword has low demand and competition, indicating niche interest.",,,,,
2026-08-16,christian,,,,15,25,10,15,20,low,informational,,,,religious items,medium,The keyword indicates a specific audience with moderate interest.,,,,,
2026-08-16,christian shops,,,,10,15,5,10,10,low,transactional,,,,merchandise,medium,This keyword suggests a niche market with limited competition.,,,,,
2026-08-16,christmas etymologie,,,,10,20,5,10,15,low,informational,,,,educational materials,low,"Similar to 'christmas etymology', this has niche interest.",,,,,
2026-08-16,christmas story kid,,,,20,30,15,20,25,high,transactional,,,,children's books,low,This keyword targets a specific audience with higher demand during the holiday season.,,,,,
2026-08-16,christmas gifts 2026,,,,25,40,30,35,40,high,transactional,,,,gift items,medium,This keyword indicates strong future demand for holiday gifts.,,,,,
2026-08-16,christmas gifts for coworkers,,,,30,35,25,30,35,high,transactional,,,,office gifts,medium,This keyword targets a specific gifting category with high demand during the holidays.,,,,,
2026-08-16,christmas gifts for teens,,,,30,35,25,30,35,high,transactional,,,,teen gifts,medium,This keyword indicates a strong market for gifts targeted at teenagers during the holiday season.,,,,,
2026-08-16,christmas gifts ideas,,,,30,20,10,15,25,high,low,,,,gift guides,varied,This keyword shows low competition but is a broad search term.,,,,,
2026-08-16,nightmare before christmas gifts,,,,40,50,30,25,35,medium,high,,,,themed merchandise,$20-$50,This keyword targets a specific fandom with moderate demand.,,,,,
2026-08-16,toddler christmas gifts,,,,45,40,35,30,50,high,high,,,,toys and educational items,$10-$30,This keyword has a clear target audience with high demand during the holiday season.,,,,,
2026-08-16,baby christmas gifts,,,,50,45,40,35,55,high,high,,,,clothing and toys,$15-$40,"This keyword targets new parents, indicating strong demand.",,,,,
2026-08-16,christmas gifts for couples,,,,35,30,20,25,40,high,high,,,,personalized gifts,$30-$100,This keyword appeals to a specific relationship demographic with consistent demand.,,,,,
2026-08-16,christmas gifts for her,,,,40,35,25,30,45,high,high,,,,jewelry and accessories,$20-$80,This keyword targets a broad audience with a focus on female recipients.,,,,,
2026-08-16,christmas gifts for wife,,,,40,35,25,30,45,high,high,,,,luxury items,$50-$150,"This keyword specifically targets husbands looking for gifts, indicating strong buyer intent.",,,,,
2026-08-16,teacher christmas gifts,,,,30,25,15,20,30,high,medium,,,,stationery and gift cards,$10-$30,This keyword targets a specific audience with moderate competition.,,,,,
2026-08-16,christmas ornaments near me,,,,30,10,20,10,25,high,low,,,,ornaments,low,Local searches indicate potential for in-person shopping.,,,,,
2026-08-16,christmas ornaments nyc,,,,30,10,20,10,25,high,low,,,,ornaments,low,Specific location search suggests interest in local offerings.,,,,,
2026-08-16,christmas ornaments sale,,,,40,20,30,20,35,high,medium,,,,ornaments,low to medium,Sales-related keywords indicate a desire for discounts.,,,,,
2026-08-16,christmas ornaments personalized,,,,50,30,40,30,45,high,high,,,,personalized ornaments,medium to high,Personalization suggests a strong buyer intent for unique gifts.,,,,,
2026-08-16,christmas ornament storage box,,,,25,15,20,15,20,medium,medium,,,,storage boxes,low to medium,Practical storage solutions indicate a niche market.,,,,,
2026-08-16,christmas ornaments to make,,,,35,25,30,25,30,high,medium,,,,craft kits,low to medium,DIY interest suggests a market for craft supplies.,,,,,
2026-08-16,christmas ornament crafts,,,,35,25,30,25,30,high,medium,,,,craft supplies,low to medium,Crafting keywords indicate a niche for DIY enthusiasts.,,,,,
2026-08-16,vintage christmas ornaments,,,,40,30,35,30,40,high,high,,,,vintage ornaments,medium to high,Vintage items attract collectors and gift buyers.,,,,,
2026-08-16,diamond art christmas ornaments,,,,20,30,10,15,25,high,low,holiday decor,art supplies,craft,diamond art kits,$10-$30,Niche product with limited demand on major platforms.,,,,,
2026-08-16,personalized christmas ornaments,,,,50,60,40,50,45,high,high,holiday gifts,varied,personalized,customizable ornaments,$15-$50,Highly sought after for gifting during the holiday season.,,,,,
2026-08-16,christmas ornaments clearance,,,,30,40,20,25,35,high,medium,discounted items,varied,seasonal,clearance ornaments,$5-$20,Discounted items attract budget-conscious shoppers post-holiday.,,,,,
2026-08-16,clear christmas ornaments balls,,,,25,35,15,20,30,high,low,holiday decor,"glass, plastic",traditional,clear ornament balls,$10-$25,Specific product type with limited appeal compared to others.,,,,,
2026-08-17,christmas tree,,,,70,60,50,50,60,high,decorating,,,,artificial trees,$50-$200,High demand during the holiday season for home decoration.,,,,,
2026-08-17,christmas decor,,,,75,65,55,60,65,high,decorating,,,,ornaments and lights,$10-$100,Broad appeal for festive home decorations during Christmas.,,,,,
2026-08-17,christmas pajamas,,,,65,55,60,55,60,high,gifting,,,,matching sets,$20-$60,Popular gift item for families during the holiday season.,,,,,
2026-08-17,christmas ornaments,,,,70,60,50,55,65,high,decorating,,,,personalized ornaments,$5-$30,"Essential for tree decoration, with a variety of styles available.",,,,,
2026-08-17,christmas gifts for women,,,,80,70,65,60,75,high,gifting,,,,jewelry or accessories,$20-$100,High demand for thoughtful gifts tailored for women during Christmas.,,,,,
2026-08-17,christmas gifts for men,,,,75,65,60,55,70,high,gifting,,,,gadgets or tools,$20-$150,Popular category with a variety of options for men during the holidays.,,,,,
2026-08-17,christmas gifts for mom,,,,80,70,65,60,75,high,gifting,,,,spa or pampering items,$20-$100,High emotional value and demand for gifts for mothers during Christmas.,,,,,
2026-08-17,christmas gifts for teen girls,,,,70,60,65,55,65,high,gifting,,,,fashion items or tech gadgets,$15-$75,Targeted gifts for a popular demographic during the holiday season.,,,,,
2026-08-17,christmas gifts for kids,,,,70,60,50,55,65,high,gift shopping,,,,toys and games,$20-$50,High demand for children's gifts during the holiday season.,,,,,
2026-08-17,christmas gifts for girls,,,,70,60,50,55,65,high,gift shopping,,,,"toys, books, or clothing",$20-$50,Popular category for holiday gifts targeted at girls.,,,,,
2026-08-17,christmas ornament storage,,,,65,55,50,60,70,medium,home organization,,,,storage boxes or containers,$15-$30,Increasing need for storage solutions for holiday decorations.,,,,,
2026-08-17,christmas ornaments set,,,,70,60,55,65,60,high,decor shopping,,,,ornament sets,$20-$40,"Essential for holiday decorating, leading to consistent demand.",,,,,
2026-08-17,christmas decorations outdoor,,,,75,65,60,70,75,high,decor shopping,,,,outdoor lights and inflatables,$30-$100,High interest in outdoor decorations for festive displays.,,,,,
2026-08-17,christmas decorations indoor,,,,75,65,60,70,75,high,decor shopping,,,,indoor ornaments and lights,$20-$80,Consistent demand for indoor decorations during the holiday season.,,,,,
2026-08-17,christmas decorations clearance,,,,60,70,50,55,50,medium,bargain shopping,,,,discounted decorations,$10-$30,Shoppers look for discounts post-holiday season.,,,,,
2026-08-17,christmas,,,,80,90,70,75,60,high,general holiday shopping,,,,various Christmas items,$10-$100,Broad keyword indicating high overall interest in Christmas-related products.,,,,,
2026-08-17,christmas decorations,,,,30,20,10,15,25,high,purchase,,,,decorative items,low to medium,High seasonal demand for Christmas-related items.,,,,,
2026-08-17,christmas gifts,,,,35,25,15,20,30,high,purchase,,,,gift items,medium,Consistently high demand for gift items during the holiday season.,,,,,
2026-08-17,christmas ornament,,,,40,30,20,25,35,high,purchase,,,,ornaments,low to medium,Ornaments are a staple in Christmas decorations with strong demand.,,,,,
2026-08-17,christmas movies,,,,20,15,10,15,20,medium,entertainment,,,,movie collections,low,Interest in Christmas movies peaks during the holiday season.,,,,,
2026-08-17,christmas in july,,,,15,10,5,10,15,low,purchase,,,,themed items,medium,Niche interest in celebrating Christmas in July.,,,,,
2026-08-17,christmas vacation,,,,25,20,10,15,20,medium,entertainment,,,,movie merchandise,low to medium,Classic holiday movie with ongoing popularity.,,,,,
2026-08-17,christmas cactus,,,,10,5,5,5,10,low,purchase,,,,plants,medium,Niche plant with seasonal appeal during Christmas.,,,,,
2026-08-17,christmas vacation cast,,,,5,5,5,5,5,low,information,,,,movie information,low,Interest in cast details of a popular movie.,,,,,
2026-08-17,christmas island,,,,10,10,10,10,10,low,informational,,,,travel guides,10-30,Low demand with no competition on major platforms.,,,,,
2026-08-17,christmas 2026,,,,10,10,10,10,10,low,informational,,,,calendars,5-20,Low demand with no competition on major platforms.,,,,,
2026-08-17,christmas lights,,,,40,30,30,30,40,high,purchase,,,,LED string lights,15-50,Moderate demand with competition on Amazon.,,,,,
2026-08-17,nightmare before christmas,,,,40,30,30,30,40,medium,purchase,,,,merchandise,10-40,Moderate demand with competition on Amazon.,,,,,
2026-08-17,christmas gift card book,,,,30,20,20,20,30,high,purchase,,,,gift card holders,5-15,Moderate demand with competition on Amazon.,,,,,
2026-08-17,christmas wrapping paper,,,,40,30,30,30,40,high,purchase,,,,wrapping paper rolls,5-20,Moderate demand with competition on Amazon.,,,,,
2026-08-17,christmas gifts 2026,,,,10,10,10,10,10,low,informational,,,,gift guides,10-30,Low demand with no competition on major platforms.,,,,,
2026-08-17,christmas gifts for coworkers,,,,30,20,20,20,30,high,purchase,,,,office gifts,10-30,Moderate demand with no competition on major platforms.,,,,,
2026-08-17,christmas gifts for teens,,,,30,10,20,15,25,high,gift shopping,,,,gifts,varied,This keyword targets a specific demographic during the holiday season.,,,,,
2026-08-17,christmas gifts ideas,,,,25,15,20,10,20,high,gift shopping,,,,gift ideas,varied,This keyword is broad and appeals to those seeking inspiration for gifts.,,,,,
2026-08-17,nightmare before christmas gifts,,,,40,30,35,25,30,medium,themed gifts,,,,themed gifts,varied,"This keyword targets fans of a popular movie, indicating a niche market.",,,,,
2026-08-17,toddler christmas gifts,,,,35,25,30,20,25,high,gift shopping,,,,gifts,varied,"This keyword focuses on a specific age group, which can drive targeted sales.",,,,,
2026-08-17,baby christmas gifts,,,,30,20,25,15,20,high,gift shopping,,,,gifts,varied,This keyword appeals to new parents looking for gifts for infants.,,,,,
2026-08-17,christmas ornaments near me,,,,20,15,10,5,15,high,local shopping,,,,ornaments,varied,This keyword indicates a desire for local purchases during the holiday season.,,,,,
2026-08-17,christmas ornaments nyc,,,,20,15,10,5,15,high,local shopping,,,,ornaments,varied,"This keyword targets a specific location, appealing to local buyers.",,,,,
2026-08-17,christmas ornaments sale,,,,25,20,15,10,20,high,bargain hunting,,,,ornaments,varied,This keyword appeals to shoppers looking for discounts during the holiday season.,,,,,
2026-08-17,christmas ornaments personalized,,,,30,20,10,10,25,high,medium,,,,ornaments,$10-$30,Personalization adds value and uniqueness to holiday decorations.,,,,,
2026-08-17,christmas ornament storage box,,,,25,15,10,10,20,medium,low,,,,storage boxes,$15-$40,Storage solutions are practical for holiday decorations.,,,,,
2026-08-17,christmas ornaments to make,,,,20,10,15,10,15,high,medium,,,,craft kits,$5-$25,DIY projects are popular during the holiday season.,,,,,
2026-08-17,christmas ornament crafts,,,,20,10,15,10,15,high,medium,,,,craft supplies,$5-$30,Crafting ornaments is a fun holiday activity.,,,,,
2026-08-17,vintage christmas ornaments,,,,40,30,20,15,35,high,high,,,,ornaments,$20-$100,Vintage items appeal to collectors and nostalgic buyers.,,,,,
2026-08-17,diamond art christmas ornaments,,,,35,25,20,15,30,high,medium,,,,diamond painting kits,$10-$50,Diamond art is a trending craft that can be festive.,,,,,
2026-08-17,personalized christmas ornaments,,,,40,30,25,20,35,high,high,,,,ornaments,$10-$30,Personalized items are highly sought after during the holidays.,,,,,
2026-08-17,christmas ornaments clearance,,,,30,20,15,10,25,medium,high,,,,ornaments,$5-$20,Clearance items attract bargain hunters during the season.,,,,,
2026-08-17,clear christmas ornaments balls,,,,30,20,40,20,50,high,low,,,,ornaments,low,Limited cross-platform presence indicates niche demand.,,,,,
2026-08-17,christmas ornaments 2026,,,,30,20,40,20,50,high,low,,,,ornaments,low,Specific year targeting suggests limited but focused interest.,,,,,
2026-08-17,christmas decorations on sale,,,,40,30,50,30,60,high,high,,,,decorations,low,High intent for discounts indicates strong buyer interest.,,,,,
2026-08-17,christmas decorations 2026,,,,30,20,40,20,50,high,low,,,,decorations,low,Specific year targeting suggests limited but focused interest.,,,,,
2026-08-17,christmas decorations near me,,,,40,30,50,30,60,high,high,,,,decorations,low,Local search indicates strong intent for immediate purchases.,,,,,
2026-08-17,christmas decorations nyc,,,,40,30,50,30,60,high,high,,,,decorations,low,Targeted local interest suggests strong potential for sales.,,,,,
2026-08-17,christmas decorations ideas,,,,50,40,60,50,70,high,medium,,,,decorations,medium,High interest in ideas indicates potential for creative products.,,,,,
2026-08-17,christmas decorations amazon,,,,40,30,50,30,60,high,high,,,,decorations,low,Interest in Amazon indicates strong online shopping intent.,,,,,
2026-08-17,christmas decorations outdoor clearance,,,,30,20,10,15,25,high,low,,,,outdoor decorations,low,"Limited to Google, indicating niche interest.",,,,,
2026-08-17,grinch christmas decorations,,,,40,30,20,25,35,high,medium,,,,themed decorations,medium,Popular theme on Amazon suggests moderate demand.,,,,,
2026-08-17,gingerbread christmas decorations,,,,35,25,15,20,30,high,medium,,,,themed decorations,medium,Specific theme on Amazon indicates a niche market.,,,,,
2026-08-17,90s christmas decorations,,,,25,20,10,15,20,high,low,,,,themed decorations,low,Nostalgic theme with limited reach suggests niche interest.,,,,,
2026-08-18,christmas gifts for women,,,,90,80,70,75,85,high,high,,,,gift sets,$20-$100,This keyword has strong demand across multiple platforms for holiday shopping.,,,,,
2026-08-18,christmas gifts for men,,,,90,80,70,75,85,high,high,,,,gadget gifts,$20-$100,This keyword has strong demand across multiple platforms for holiday shopping.,,,,,
2026-08-18,christmas tree,,,,80,70,60,65,75,high,medium,,,,artificial trees,$50-$300,"This keyword indicates a strong interest in holiday decor, particularly trees.",,,,,
2026-08-18,christmas story,,,,70,60,50,55,65,medium,medium,,,,books and movies,$10-$50,This keyword reflects interest in themed products related to the Christmas narrative.,,,,,
2026-08-18,christmas decor,,,,80,70,60,65,75,high,high,,,,decorative items,$10-$100,This keyword indicates a broad interest in various Christmas decorations.,,,,,
2026-08-18,christmas ornaments,,,,80,70,60,65,75,high,high,,,,ornament sets,$5-$50,This keyword shows strong demand for decorative items for Christmas trees.,,,,,
2026-08-18,christmas gifts for mom,,,,90,80,70,75,85,high,high,,,,personalized gifts,$20-$100,This keyword has strong demand across multiple platforms for holiday shopping.,,,,,
2026-08-18,christmas gifts for teen girls,,,,80,70,60,65,75,high,high,,,,trendy accessories,$10-$50,This keyword indicates a specific target audience with strong holiday gift demand.,,,,,
2026-08-18,christmas gifts for kids,,,,70,60,50,50,65,high,purchase,,,,toys and games,$20-$50,This keyword targets a specific audience looking for gifts for children during the holiday season.,,,,,
2026-08-18,christmas gifts for girls,,,,70,60,50,50,65,high,purchase,,,,"toys, clothing, accessories",$20-$50,"This keyword is focused on gifts specifically for girls, appealing to parents and gift-givers.",,,,,
2026-08-18,christmas ornament storage,,,,60,55,50,50,60,medium,purchase,,,,storage solutions,$10-$30,"This keyword addresses a practical need for organizing holiday decorations, appealing to homeowners.",,,,,
2026-08-18,christmas ornaments set,,,,65,60,50,50,62,high,purchase,,,,ornament sets,$15-$40,This keyword targets consumers looking to buy sets of ornaments for decorating their trees.,,,,,
2026-08-18,christmas decorations outdoor,,,,70,65,55,55,68,high,purchase,,,,"outdoor lights, inflatables",$30-$100,This keyword appeals to those looking to enhance their outdoor holiday displays.,,,,,
2026-08-18,christmas decorations indoor,,,,70,65,55,55,68,high,purchase,,,,"indoor decorations, lights",$20-$80,This keyword targets consumers looking to beautify their indoor spaces for the holidays.,,,,,
2026-08-18,christmas decorations clearance,,,,55,70,50,50,50,medium,bargain,,,,discounted decorations,$5-$30,This keyword targets budget-conscious shoppers looking for deals on holiday decorations.,,,,,
2026-08-18,christmas,,,,80,90,70,75,60,very high,varied,,,,various holiday items,$10-$100,"This broad keyword encompasses all aspects of the holiday, indicating high interest and competition.",,,,,
2026-08-18,christmas decorations,,,,30,20,10,15,25,high,purchase,,,,decorative items,low to mid,High relevance for holiday decor.,,,,,
2026-08-18,christmas gifts,,,,35,25,15,20,30,high,purchase,,,,gift items,varied,Essential for holiday shopping.,,,,,
2026-08-18,christmas ornament,,,,40,30,20,25,35,high,purchase,,,,ornaments,low to mid,Popular item for tree decoration.,,,,,
2026-08-18,christmas in july,,,,10,5,5,10,8,low,exploration,,,,themed items,low,Niche holiday celebration.,,,,,
2026-08-18,christmas vacation,,,,15,10,5,10,12,medium,exploration,,,,travel accessories,varied,Related to holiday travel.,,,,,
2026-08-18,christmas movies,,,,20,15,10,15,18,high,exploration,,,,movie collections,low to mid,Popular during the holiday season.,,,,,
2026-08-18,christmas cactus,,,,5,5,5,5,5,low,exploration,,,,plants,low,Specific plant associated with Christmas.,,,,,
2026-08-18,christmas island,,,,5,5,5,5,5,low,exploration,,,,travel guides,varied,Geographical reference with limited demand.,,,,,
2026-08-18,christmas vacation cast,,,,10,20,5,15,5,low,informational,,,,movie merchandise,low,Limited demand and competition indicate niche interest.,,,,,
2026-08-18,christmas 2026,,,,15,10,20,25,10,high,planning,,,,holiday decorations,medium,Future-oriented keyword indicates potential for seasonal products.,,,,,
2026-08-18,christmas lights,,,,60,50,30,40,70,high,purchase,,,,LED lights,medium,High demand and competition signal a popular holiday product.,,,,,
2026-08-18,nightmare before christmas,,,,50,40,25,35,60,medium,purchase,,,,themed apparel,medium,Strong cult following indicates steady demand for themed products.,,,,,
2026-08-18,christmas gift card book,,,,40,30,20,25,50,high,purchase,,,,gift card holders,low,Growing trend for gift card holders suggests viable market.,,,,,
2026-08-18,christmas wrapping paper,,,,55,45,35,50,65,high,purchase,,,,wrapping paper,low,Essential holiday item with consistent demand each season.,,,,,
2026-08-18,christmas pajamas,,,,70,60,40,55,75,high,purchase,,,,pajama sets,medium,High demand for festive apparel during the holiday season.,,,,,
2026-08-18,christmas svg,,,,30,20,15,20,40,medium,creative,,,,digital downloads,low,Niche market for digital designs indicates potential for growth.,,,,,
2026-08-18,christmas etymology,,,,10,20,5,15,10,low,informational,,,,educational materials,low,"This keyword has low demand and competition, indicating niche interest.",,,,,
2026-08-18,christian,,,,15,30,10,20,15,low,informational,,,,religious items,medium,Low demand and high competition suggest a saturated niche.,,,,,
2026-08-18,christian shops,,,,10,25,5,10,10,low,informational,,,,store directories,low,Low demand with moderate competition indicates limited market potential.,,,,,
2026-08-18,christmas etymologie,,,,10,20,5,15,10,low,informational,,,,educational materials,low,"Similar to 'christmas etymology', it has low demand and competition.",,,,,
2026-08-18,christmas story kid,,,,20,25,15,20,15,high,purchasing,,,,children's books,medium,Moderate demand and competition suggest potential for themed products.,,,,,
2026-08-18,christmas gifts 2026,,,,30,40,25,30,35,high,purchasing,,,,gift guides,varied,High demand for future holiday gifts indicates strong market potential.,,,,,
2026-08-18,christmas gifts for coworkers,,,,30,35,20,25,30,high,purchasing,,,,office gifts,medium,Strong demand for coworker gifts suggests a lucrative niche.,,,,,
2026-08-18,christmas gifts for teens,,,,30,35,20,25,30,high,purchasing,,,,trendy gifts,medium,High demand for teen gifts indicates a significant market opportunity.,,,,,
2026-08-18,christmas gifts ideas,,,,30,20,10,15,25,high,low,,,,gift guides,varied,Broad search term with low competition but high seasonality.,,,,,
2026-08-18,nightmare before christmas gifts,,,,40,50,30,20,35,medium,high,,,,themed merchandise,medium,Niche market with moderate demand and high buyer intent.,,,,,
2026-08-18,toddler christmas gifts,,,,45,55,40,30,50,high,high,,,,toys and educational items,low to medium,Growing market for toddler gifts with high demand during the season.,,,,,
2026-08-18,baby christmas gifts,,,,50,60,45,35,55,high,high,,,,clothing and toys,medium,Strong demand for baby gifts during the holiday season.,,,,,
2026-08-18,christmas gifts for couples,,,,35,40,25,20,30,high,medium,,,,couple-themed gifts,medium to high,Moderate demand with specific audience targeting.,,,,,
2026-08-18,christmas gifts for her,,,,50,70,40,30,45,high,high,,,,jewelry and accessories,medium to high,High demand for gifts targeted at women during the holidays.,,,,,
2026-08-18,christmas gifts for wife,,,,55,65,50,35,50,high,high,,,,romantic gifts,medium to high,Specific targeting for wives with strong holiday demand.,,,,,
2026-08-18,teacher christmas gifts,,,,30,30,20,15,25,medium,medium,,,,stationery and gift cards,low to medium,Niche market with moderate demand and specific audience.,,,,,
2026-08-18,christmas ornaments near me,,,,20,10,15,10,25,high,local purchase,,,,ornaments,$$,"This keyword indicates a desire for immediate, local shopping options.",,,,,
2026-08-18,christmas ornaments nyc,,,,20,10,15,10,25,high,local purchase,,,,ornaments,$$,This keyword targets consumers looking for ornaments specifically in New York City.,,,,,
2026-08-18,christmas ornaments sale,,,,30,20,25,20,35,high,bargain hunting,,,,ornaments,$,This keyword suggests consumers are looking for discounts on ornaments.,,,,,
2026-08-18,christmas ornaments personalized,,,,40,30,35,30,45,high,gift giving,,,,personalized ornaments,$$,Personalized items are always in demand during the holiday season.,,,,,
2026-08-18,christmas ornament storage box,,,,25,15,20,15,30,medium,organization,,,,storage boxes,$,Consumers are looking for ways to store and protect their ornaments.,,,,,
2026-08-18,christmas ornaments to make,,,,35,25,30,25,40,high,DIY enthusiasts,,,,DIY ornament kits,$,This keyword appeals to those interested in crafting their own ornaments.,,,,,
2026-08-18,christmas ornament crafts,,,,30,20,25,20,35,high,crafting,,,,craft supplies,$,This keyword targets those looking for ideas and materials for ornament crafts.,,,,,
2026-08-18,vintage christmas ornaments,,,,50,40,45,40,55,high,collecting,,,,vintage ornaments,$$$,Vintage items have a strong appeal among collectors and holiday decorators.,,,,,
2026-08-18,diamond art christmas ornaments,,,,20,30,10,15,25,high,gift,Christmas ornaments,art,craft,diamond art ornaments,$10-$20,Niche product with limited competition on Amazon.,,,,,
2026-08-18,personalized christmas ornaments,,,,30,40,20,25,35,high,gift,Christmas ornaments,ceramic,personalized,custom ornaments,$15-$30,High demand for personalized gifts during the holiday season.,,,,,
2026-08-18,christmas ornaments clearance,,,,15,25,5,10,20,high,bargain,Christmas ornaments,varied,clearance,discount ornaments,$5-$15,Clearance items attract budget-conscious shoppers post-holiday.,,,,,
2026-08-18,clear christmas ornaments balls,,,,25,35,15,20,30,high,decor,Christmas ornaments,glass,clear,clear ornament balls,$10-$25,Popular choice for DIY decorations and holiday crafts.,,,,,
2026-08-19,christmas tree,,,,60,40,50,50,55,high,decorative,holiday decor,artificial,traditional,decorative trees,$50-$150,High search interest during the holiday season.,,,,,
2026-08-19,christmas ornaments,,,,65,45,55,50,60,high,decorative,holiday decor,varied,festive,ornament sets,$20-$80,Consistently popular for tree decoration during Christmas.,,,,,
2026-08-19,christmas gifts for women,,,,70,60,65,60,65,high,gifting,gifts,varied,personalized,gift sets,$30-$100,High demand for thoughtful gifts during the holiday season.,,,,,
2026-08-19,christmas gifts for men,,,,70,60,65,60,65,high,gifting,gifts,varied,masculine,gift sets,$30-$100,Consistent demand for gifts tailored to men during Christmas.,,,,,
2026-08-19,christmas gifts for mom,,,,75,55,70,65,70,high,gifting,gifts,varied,thoughtful,personalized gifts,$25-$90,High interest in gifts for mothers during the holiday season.,,,,,
2026-08-19,christmas gifts for teen girls,,,,65,50,60,55,60,high,gifting,gifts,varied,trendy,trendy accessories,$20-$70,Increased demand for trendy gifts for teenagers during Christmas.,,,,,
2026-08-19,christmas gifts for kids,,,,80,70,75,70,75,high,gifting,gifts,varied,fun,toys and games,$10-$50,Very high demand for children's gifts during the holiday season.,,,,,
2026-08-19,christmas gifts for girls,,,,75,65,70,65,70,high,gifting,gifts,varied,playful,toys and accessories,$15-$60,Strong interest in gifts for young girls during the holiday season.,,,,,
2026-08-19,christmas ornament storage,,,,60,40,50,50,55,high,moderate,storage solutions,plastic,functional,storage boxes,$20-$50,There is consistent search interest across Google and Amazon.,,,,,
2026-08-19,christmas ornaments set,,,,65,45,55,50,60,high,high,ornaments,glass,decorative,ornament sets,$30-$70,Popular during the holiday season with strong demand on Amazon.,,,,,
2026-08-19,christmas decorations outdoor,,,,70,50,60,55,65,high,high,outdoor decor,LED,festive,outdoor lights,$25-$100,High interest in outdoor decorations for the holiday season.,,,,,
2026-08-19,christmas decorations indoor,,,,75,55,65,60,70,high,high,indoor decor,various,festive,indoor decor,$20-$80,Strong demand for indoor decorations during the holiday season.,,,,,
2026-08-19,christmas decorations clearance,,,,50,60,40,45,50,high,moderate,clearance,various,affordable,discounted decorations,$10-$30,Clearance items attract budget-conscious buyers post-holiday.,,,,,
2026-08-19,christmas,,,,80,70,75,70,75,very high,very high,holiday,various,festive,various Christmas items,$10-$100,Broad interest in Christmas-related products across platforms.,,,,,
2026-08-19,christmas decorations,,,,85,75,80,75,80,very high,very high,holiday decor,various,festive,various decorations,$15-$150,High demand for Christmas decorations across multiple platforms.,,,,,
2026-08-19,christmas gifts,,,,90,80,85,80,85,very high,very high,gifts,various,varied,gift items,$10-$200,Consistent demand for Christmas gifts with high buyer intent.,,,,,
2026-08-19,christmas ornament,,,,60,40,50,55,65,high,gift,holiday decor,various,traditional,ornaments,$10-$30,High demand during the holiday season.,,,,,
2026-08-19,christmas island,,,,20,10,15,10,25,none,information,travel,paper,informative,travel guides,$5-$20,"Low demand, primarily informational searches.",,,,,
2026-08-19,christmas carols,,,,30,20,25,20,35,high,entertainment,music,digital,traditional,music albums,$10-$25,Seasonal interest in music during the holidays.,,,,,
2026-08-19,christmas in july,,,,25,15,20,15,30,medium,celebration,party,various,festive,party supplies,$15-$50,Niche interest for mid-year celebrations.,,,,,
2026-08-19,christmas vacation,,,,35,25,30,25,40,high,entertainment,movies,various,comedy,movie merchandise,$10-$40,Popular theme during the holiday season.,,,,,
2026-08-19,christmas movies,,,,40,30,35,30,45,high,entertainment,movies,digital,various,movie collections,$10-$50,Consistent interest during the holiday season.,,,,,
2026-08-19,christmas carols nyt,,,,15,10,10,5,20,high,information,articles,digital,informative,articles,$0-$5,Specific searches related to a known publication.,,,,,
2026-08-19,christmas cactus,,,,30,20,25,20,35,medium,gift,plants,live,decorative,plants,$10-$25,Popular plant associated with the holiday season.,,,,,
2026-08-19,christmas vacation cast,,,,20,10,15,10,25,low,informational,,,,movie merchandise,$10-$30,Low demand with minimal competition indicates niche interest.,,,,,
2026-08-19,christmas story,,,,20,10,15,10,25,low,informational,,,,movie merchandise,$10-$30,Low demand with minimal competition indicates niche interest.,,,,,
2026-08-19,christmas lights,,,,50,40,60,70,30,high,purchase,,,,decorative lights,$20-$50,High demand during the holiday season with moderate competition.,,,,,
2026-08-19,nightmare before christmas,,,,50,40,60,70,30,high,purchase,,,,themed merchandise,$15-$40,High demand during the holiday season with moderate competition.,,,,,
2026-08-19,christmas decor,,,,50,40,60,70,30,high,purchase,,,,decor items,$20-$100,High demand during the holiday season with moderate competition.,,,,,
2026-08-19,christmas gift card book,,,,30,20,25,20,35,medium,purchase,,,,gift card holder,$10-$25,Moderate demand with low competition indicates a unique gift option.,,,,,
2026-08-19,christmas wrapping paper,,,,50,40,60,70,30,high,purchase,,,,wrapping paper,$5-$20,High demand during the holiday season with moderate competition.,,,,,
2026-08-19,christmas pajamas,,,,50,40,60,70,30,high,purchase,,,,pajamas,$20-$50,High demand during the holiday season with moderate competition.,,,,,
2026-08-19,christmas gifts 2026,,,,10,10,20,10,15,high,low,,,,general gifts,varied,"Specific to a future date, indicating low immediate demand.",,,,,
2026-08-19,christmas gifts for coworkers,,,,20,20,30,20,25,high,medium,,,,office gifts,mid-range,"Targeted towards a specific audience, indicating moderate demand.",,,,,
2026-08-19,christmas gifts for teens,,,,25,25,30,25,30,high,medium,,,,trendy gifts,mid-range,"Appeals to a specific demographic, suggesting a good market.",,,,,
2026-08-19,christmas gifts ideas,,,,30,30,35,30,40,high,high,,,,gift guides,varied,Broad appeal for gift ideas indicates high demand.,,,,,
2026-08-19,nightmare before christmas gifts,,,,25,30,25,20,30,medium,medium,,,,themed merchandise,mid-range,"Niche market with a dedicated fanbase, indicating steady demand.",,,,,
2026-08-19,toddler christmas gifts,,,,30,25,30,25,35,high,high,,,,toys and educational gifts,varied,High demand for gifts for young children during the holiday season.,,,,,
2026-08-19,baby christmas gifts,,,,30,25,30,25,35,high,high,,,,baby toys and clothes,varied,Consistently high demand for baby gifts during the holiday season.,,,,,
2026-08-19,christmas ornaments near me,,,,20,15,20,15,20,high,medium,,,,local ornaments,varied,"Local search indicates interest in purchasing ornaments, but limited scope.",,,,,
2026-08-19,christmas ornaments nyc,,,,20,10,15,10,25,high,low,ornaments,various,local,ornaments,low to medium,"Specific to a location, limiting broader appeal.",,,,,
2026-08-19,christmas ornaments sale,,,,25,20,15,10,30,high,medium,ornaments,various,sale,ornaments,low,Indicates a desire for discounted items during the holiday.,,,,,
2026-08-19,christmas ornaments personalized,,,,30,25,20,15,35,high,high,ornaments,various,personalized,ornaments,medium,Personalization is a popular trend for holiday gifts.,,,,,
2026-08-19,christmas ornament storage box,,,,15,10,10,5,20,medium,low,storage,"plastic, cardboard",functional,storage box,low to medium,Niche product for ornament care and storage.,,,,,
2026-08-19,christmas ornaments to make,,,,35,30,25,20,40,high,medium,DIY,various,craft,craft kits,low to medium,DIY projects are popular during the holiday season.,,,,,
2026-08-19,christmas ornament crafts,,,,30,25,20,15,35,high,medium,crafts,various,craft,craft supplies,low to medium,Crafting ornaments is a popular holiday activity.,,,,,
2026-08-19,vintage christmas ornaments,,,,40,35,30,25,50,high,high,vintage,"glass, metal",vintage,ornaments,medium to high,Vintage items have a strong appeal among collectors.,,,,,
2026-08-19,diamond art christmas ornaments,,,,35,30,25,20,45,high,medium,crafts,various,art,craft kits,medium,Diamond art is a popular crafting trend.,,,,,
2026-08-19,personalized christmas ornaments,,,,40,60,50,30,45,high,gift,ornaments,varied,personalized,ornaments,$10-$30,Personalization adds value for gifting during the holiday season.,,,,,
2026-08-19,christmas ornaments clearance,,,,30,50,40,20,35,high,bargain,ornaments,varied,clearance,ornaments,$5-$15,Clearance items attract budget-conscious shoppers post-holiday.,,,,,
2026-08-19,clear christmas ornaments balls,,,,35,55,45,25,40,high,decor,ornaments,clear,decorative,ornaments,$8-$20,Clear ornaments are popular for DIY decorating.,,,,,
2026-08-19,christmas ornaments 2026,,,,20,30,25,15,20,high,future planning,ornaments,varied,themed,ornaments,$10-$25,Specific year keywords indicate planning for future purchases.,,,,,
2026-08-19,christmas decorations on sale,,,,50,70,60,55,65,high,bargain,decorations,varied,sale,decorations,$5-$50,Sales attract shoppers looking for discounts during the holidays.,,,,,
2026-08-19,christmas decorations 2026,,,,15,25,20,10,15,high,future planning,decorations,varied,themed,decorations,$10-$40,Year-specific keywords suggest planning for future holiday seasons.,,,,,
2026-08-19,christmas decorations near me,,,,45,65,50,40,55,high,local shopping,decorations,varied,local,decorations,$10-$50,Local searches indicate a desire for immediate purchase options.,,,,,
2026-08-19,christmas decorations nyc,,,,40,60,45,35,50,high,local shopping,decorations,varied,local,decorations,$10-$50,Specific location keywords indicate a focus on urban shoppers.,,,,,
2026-08-19,christmas decorations ideas,,,,30,10,20,15,25,high,informational,,,,decorative items,low to mid,"This keyword indicates users are looking for inspiration, suggesting lower competition but seasonal demand.",,,,,
2026-08-19,christmas decorations amazon,,,,25,15,20,10,20,high,transactional,,,,decorative items,low to mid,"This keyword suggests users are looking to purchase decorations specifically from Amazon, indicating a transactional intent.",,,,,
2026-08-19,christmas decorations outdoor clearance,,,,20,5,15,10,30,high,bargain hunting,,,,outdoor decorations,low,"This keyword indicates a focus on clearance sales, suggesting a niche market with potential for deals.",,,,,
2026-08-19,grinch christmas decorations,,,,35,20,25,15,30,high,thematic purchase,,,,themed decorations,mid,"This keyword indicates a specific theme, appealing to fans of the Grinch, suggesting a niche but enthusiastic audience.",,,,,
2026-08-20,christmas gifts for women,,,,90,80,70,75,85,high,gift shopping,,,,gift sets,$20-$100,High search volume across multiple platforms indicates strong demand.,,,,,
2026-08-20,christmas gifts for men,,,,90,80,70,75,85,high,gift shopping,,,,gadgets,$20-$100,High search volume across multiple platforms indicates strong demand.,,,,,
2026-08-20,christmas tree,,,,75,70,60,65,70,high,decor shopping,,,,artificial trees,$50-$200,Popular item for holiday decor with consistent search interest.,,,,,
2026-08-20,christmas story,,,,60,50,55,50,65,medium,entertainment,,,,books,$10-$30,Niche interest in holiday-themed stories with moderate search volume.,,,,,
2026-08-20,christmas decor,,,,80,75,70,70,80,high,decor shopping,,,,ornaments and lights,$10-$100,Broad interest in holiday decorations with high search volume.,,,,,
2026-08-20,christmas ornaments,,,,80,75,70,70,80,high,decor shopping,,,,custom ornaments,$5-$50,Consistent demand for holiday ornaments across platforms.,,,,,
2026-08-20,christmas gifts for teen girls,,,,75,70,65,70,75,high,gift shopping,,,,trendy accessories,$10-$50,Targeted search for gifts indicates a specific market segment.,,,,,
2026-08-20,christmas gifts for mom,,,,80,75,70,75,80,high,gift shopping,,,,spa gift sets,$20-$100,Strong demand for gifts targeted at mothers during the holiday season.,,,,,
2026-08-20,christmas gifts for kids,,,,70,60,50,55,65,high,purchase,,,,toys and games,20-100,Popular search for holiday gifting options.,,,,,
2026-08-20,christmas gifts for girls,,,,70,60,50,55,65,high,purchase,,,,"toys, clothes, accessories",20-100,Targeted search for gifts specifically for girls.,,,,,
2026-08-20,christmas ornament storage,,,,65,55,50,50,60,medium,purchase,,,,storage containers,15-50,Practical solution for holiday decoration organization.,,,,,
2026-08-20,christmas ornaments set,,,,70,60,55,60,65,high,purchase,,,,ornament sets,20-80,Commonly sought after for holiday decorating.,,,,,
2026-08-20,christmas decorations outdoor,,,,75,65,60,65,70,high,purchase,,,,"outdoor lights, inflatables",30-150,High demand for outdoor festive displays.,,,,,
2026-08-20,christmas decorations indoor,,,,75,65,60,65,70,high,purchase,,,,"indoor decorations, lights",20-100,Essential for creating a festive atmosphere indoors.,,,,,
2026-08-20,christmas decorations clearance,,,,60,50,45,50,55,medium,purchase,,,,discounted decorations,10-50,Attracts bargain hunters looking for deals post-holiday.,,,,,
2026-08-20,christmas,,,,80,70,60,65,75,very high,purchase,,,,various holiday items,10-200,Broad and highly searched term related to the holiday.,,,,,
2026-08-20,christmas decorations,,,,40,30,20,10,50,high,gift,,,,decorative items,$10-$50,Appears in Amazon indicating a focused demand for holiday decor.,,,,,
2026-08-20,christmas gifts,,,,40,30,20,10,50,high,gift,,,,gift items,$10-$100,Strong presence on Amazon shows consistent demand for holiday gifts.,,,,,
2026-08-20,christmas ornament,,,,40,30,20,10,50,high,gift,,,,ornaments,$5-$30,"Listed on Amazon, indicating a niche market for personalized ornaments.",,,,,
2026-08-20,christmas island,,,,10,10,5,5,10,low,information,,,,travel guides,$10-$50,Primarily a geographical term with limited commercial intent.,,,,,
2026-08-20,christmas in july,,,,10,10,5,5,10,low,event,,,,themed items,$10-$30,Seasonal event with limited product demand outside of July.,,,,,
2026-08-20,christmas cactus,,,,10,10,5,5,10,low,gift,,,,plants,$5-$20,Niche plant with limited appeal outside specific gardening circles.,,,,,
2026-08-20,christmas vacation,,,,10,10,5,5,10,low,travel,,,,travel packages,$500-$2000,Focus on travel with limited product offerings.,,,,,
2026-08-20,christmas movies,,,,10,10,5,5,10,low,entertainment,,,,DVDs/streaming,$10-$30,Cultural interest but low direct product demand.,,,,,
2026-08-20,christmas vacation cast,,,,10,20,5,5,15,low,informational,,,,movie merchandise,$10-$30,"This keyword has low demand and competition, indicating niche interest.",,,,,
2026-08-20,christmas 2026,,,,15,10,5,5,20,high,planning,,,,holiday decor,$5-$50,"This keyword indicates future planning for Christmas, suggesting potential for seasonal products.",,,,,
2026-08-20,christmas lights,,,,40,30,20,25,35,high,purchase,,,,LED lights,$10-$100,High demand for Christmas lights indicates a strong market opportunity.,,,,,
2026-08-20,nightmare before christmas,,,,35,25,15,20,30,medium,purchase,,,,themed apparel,$15-$50,"This keyword has a dedicated fan base, suggesting a solid market for themed products.",,,,,
2026-08-20,christmas gift card book,,,,30,20,10,15,25,high,purchase,,,,gift card holders,$5-$20,"Gift card books are popular during the holiday season, indicating good demand.",,,,,
2026-08-20,christmas wrapping paper,,,,45,35,25,30,40,high,purchase,,,,wrapping paper rolls,$5-$25,"Wrapping paper is a staple for holiday gifting, showing strong demand.",,,,,
2026-08-20,christmas pajamas,,,,50,40,30,35,45,high,purchase,,,,pajama sets,$20-$60,"Christmas pajamas are a popular holiday tradition, indicating high demand.",,,,,
2026-08-20,christmas svg,,,,25,15,10,15,20,medium,creative,,,,digital downloads,$1-$10,"SVG files for Christmas are sought after by crafters, indicating niche demand.",,,,,
2026-08-20,christmas etymology,,,,10,20,5,5,15,low,informational,,,,educational materials,low,This keyword is niche with low demand and competition.,,,,,
2026-08-20,christian,,,,15,25,10,5,20,low,informational,,,,religious items,medium,"This keyword has low demand and competition, appealing to a specific audience.",,,,,
2026-08-20,christian shops,,,,10,20,5,5,15,low,informational,,,,gift items,medium,This keyword targets a niche market with low competition.,,,,,
2026-08-20,christmas etymologie,,,,10,20,5,5,15,low,informational,,,,educational materials,low,"Similar to 'christmas etymology', this has low demand and competition.",,,,,
2026-08-20,christmas story kid,,,,20,30,15,10,25,high,purchase,,,,children's books,medium,This keyword targets parents looking for children's stories during the holiday season.,,,,,
2026-08-20,christmas gifts 2026,,,,30,40,25,20,35,high,purchase,,,,gift items,medium to high,This keyword indicates a forward-looking trend for holiday shopping.,,,,,
2026-08-20,christmas gifts for coworkers,,,,25,35,20,15,30,high,purchase,,,,office gifts,medium,This keyword targets a specific gifting need during the holiday season.,,,,,
2026-08-20,christmas gifts ideas,,,,35,45,30,25,40,high,purchase,,,,gift guides,varied,This keyword is broad and indicates high interest in gift ideas for the holiday.,,,,,
2026-08-20,christmas gifts for teens,,,,30,20,25,20,35,high,gift,,,,trendy accessories,$20-$50,This keyword targets a specific demographic during the holiday season.,,,,,
2026-08-20,nightmare before christmas gifts,,,,40,30,35,30,45,medium,gift,,,,themed merchandise,$15-$40,"This keyword appeals to fans of a popular movie, indicating niche demand.",,,,,
2026-08-20,toddler christmas gifts,,,,50,40,45,40,50,high,gift,,,,educational toys,$10-$30,Parents are always looking for gifts for toddlers during the holiday season.,,,,,
2026-08-20,baby christmas gifts,,,,55,45,50,45,55,high,gift,,,,soft toys,$15-$35,Gifts for babies are in high demand during the holiday season.,,,,,
2026-08-20,christmas gifts for couples,,,,45,35,40,35,45,high,gift,,,,matching items,$30-$70,"Couples often exchange gifts during the holiday season, indicating steady demand.",,,,,
2026-08-20,christmas gifts for her,,,,50,40,45,40,50,high,gift,,,,jewelry,$25-$100,"Gifts for women are popular during Christmas, indicating high demand.",,,,,
2026-08-20,christmas gifts for wife,,,,50,40,45,40,50,high,gift,,,,luxury items,$50-$150,Husbands often seek gifts for their wives during the holiday season.,,,,,
2026-08-20,teacher christmas gifts,,,,35,25,30,25,35,medium,gift,,,,personalized stationery,$10-$30,"Parents often buy gifts for teachers during the holiday season, indicating niche demand.",,,,,
2026-08-20,christmas ornaments near me,,,,20,10,15,10,25,high,local purchase,,,,ornaments,varied,"This keyword indicates a local search for ornaments, suggesting immediate buyer intent.",,,,,
2026-08-20,christmas ornaments nyc,,,,20,10,15,10,25,high,local purchase,,,,ornaments,varied,"This keyword suggests a specific geographic interest in ornaments, indicating local buyer intent.",,,,,
2026-08-20,christmas ornaments sale,,,,30,20,25,20,35,high,discount seekers,,,,ornaments,varied,"This keyword indicates interest in purchasing ornaments at a discount, appealing to bargain hunters.",,,,,
2026-08-20,christmas ornaments personalized,,,,40,30,35,30,45,high,customization,,,,personalized ornaments,$10-$50,"Personalized ornaments are highly sought after, indicating strong buyer intent for unique gifts.",,,,,
2026-08-20,christmas ornaments to make,,,,25,15,20,15,30,medium,DIY enthusiasts,,,,DIY ornament kits,$5-$30,"This keyword targets those interested in crafting, indicating a niche market for DIY ornament kits.",,,,,
2026-08-20,christmas ornament storage box,,,,15,10,15,10,20,medium,organization,,,,storage boxes,$10-$40,"This keyword suggests a need for storage solutions, appealing to buyers looking to protect their ornaments.",,,,,
2026-08-20,christmas ornament crafts,,,,25,15,20,15,30,medium,DIY enthusiasts,,,,craft supplies,$5-$30,"This keyword targets those interested in crafting ornaments, indicating a market for craft supplies.",,,,,
2026-08-20,vintage christmas ornaments,,,,35,25,30,25,40,high,collectors,,,,vintage ornaments,$15-$100,"Vintage ornaments attract collectors and those seeking unique decorations, indicating strong demand.",,,,,
2026-08-20,diamond art christmas ornaments,,,,30,20,40,20,50,high,gift,holiday decor,art supplies,craft,diamond art kits,$10-$30,This keyword targets a niche market with specific interests.,,,,,
2026-08-20,personalized christmas ornaments,,,,50,60,70,50,40,high,gift,holiday decor,varied,personalized,custom ornaments,$15-$50,Personalization is a strong selling point during the holiday season.,,,,,
2026-08-20,christmas ornaments clearance,,,,20,30,10,20,30,high,bargain,holiday decor,varied,clearance,discount ornaments,$5-$20,Clearance items attract price-sensitive shoppers during the holidays.,,,,,
2026-08-20,clear christmas ornaments balls,,,,25,25,30,20,35,high,decor,holiday decor,glass or plastic,modern,clear ornament balls,$10-$25,Clear ornaments are popular for DIY and versatile holiday decor.,,,,,
2026-08-21,christmas tree,,,,70,60,50,50,60,high,decorative,holiday decor,artificial,traditional,decorative trees,$50-$150,High demand during the holiday season.,,,,,
2026-08-21,christmas pajamas,,,,70,65,55,50,65,high,apparel,holiday apparel,cotton,cozy,matching sets,$30-$80,Popular gift choice for families during Christmas.,,,,,
2026-08-21,christmas ornaments,,,,75,70,60,55,70,high,decorative,holiday decor,glass,festive,personalized ornaments,$10-$50,Essential for holiday tree decoration.,,,,,
2026-08-21,christmas gifts for women,,,,80,75,65,60,75,high,gifting,gifts,various,elegant,"jewelry, skincare",$20-$100,High demand for thoughtful gifts during the holiday season.,,,,,
2026-08-21,christmas gifts for men,,,,80,75,65,60,75,high,gifting,gifts,various,modern,"gadgets, clothing",$20-$100,Consistently popular during the holiday shopping season.,,,,,
2026-08-21,christmas gifts for teen girls,,,,75,70,65,60,70,high,gifting,gifts,various,trendy,"trendy accessories, tech",$15-$75,Targeted gifts for a specific demographic during the holidays.,,,,,
2026-08-21,christmas gifts for kids,,,,85,80,70,65,80,high,gifting,gifts,various,fun,"toys, games",$10-$50,High demand for children's gifts during the holiday season.,,,,,
2026-08-21,christmas gifts for girls,,,,80,75,65,60,75,high,gifting,gifts,various,cute,"toys, clothing",$15-$75,Popular category for holiday shopping aimed at young girls.,,,,,
2026-08-21,christmas ornament storage,,,,60,40,50,50,70,high,functional,storage solutions,plastic,functional,storage boxes,$20-$50,This keyword indicates a need for practical storage solutions for holiday items.,,,,,
2026-08-21,christmas ornaments set,,,,65,45,55,60,75,high,decorative,ornaments,glass,decorative,ornament sets,$30-$70,This keyword suggests a demand for bundled decorative items for the holiday season.,,,,,
2026-08-21,christmas decorations outdoor,,,,70,50,60,65,80,high,decorative,outdoor decorations,LED,festive,outdoor lights,$50-$100,This keyword highlights the popularity of outdoor decorations during the Christmas season.,,,,,
2026-08-21,christmas decorations indoor,,,,70,50,60,65,80,high,decorative,indoor decorations,various,festive,indoor decor,$30-$80,This keyword indicates a strong interest in indoor decorations for the holiday season.,,,,,
2026-08-21,christmas decorations clearance,,,,50,60,40,45,50,high,bargain,clearance,various,bargain,clearance items,$10-$30,This keyword suggests a focus on discounted holiday decorations.,,,,,
2026-08-21,christmas,,,,80,70,75,80,85,high,general,Christmas items,various,varied,various Christmas items,$10-$100,This broad keyword indicates a high level of interest in all things related to Christmas.,,,,,
2026-08-21,christmas decorations,,,,75,65,70,75,80,high,decorative,decorations,various,festive,decorative items,$20-$100,This keyword reflects a strong interest in various decorations for the Christmas season.,,,,,
2026-08-21,christmas gifts,,,,85,75,80,85,90,high,purchase,gifts,various,varied,gift items,$10-$200,This keyword indicates a high demand for gift items during the Christmas season.,,,,,
2026-08-21,christmas ornament,,,,60,40,50,30,70,high,purchase,,,,ornaments,$10-$30,This keyword indicates a specific product that is popular during the holiday season.,,,,,
2026-08-21,christmas in july,,,,30,20,40,20,50,medium,interest,,,,decorations,$5-$25,This keyword reflects a seasonal celebration that may attract niche audiences.,,,,,
2026-08-21,christmas island,,,,20,10,30,10,40,low,information,,,,travel guides,$15-$50,This keyword may attract interest in travel or geography related to Christmas Island.,,,,,
2026-08-21,christmas cactus,,,,25,15,35,15,45,medium,purchase,,,,plants,$10-$40,This keyword suggests a specific plant that is popular during the holiday season.,,,,,
2026-08-21,christmas vacation,,,,35,25,50,20,55,high,interest,,,,movie merchandise,$10-$50,This keyword relates to a popular movie that generates interest during the holiday season.,,,,,
2026-08-21,christmas movies,,,,50,30,60,25,65,high,interest,,,,movie collections,$15-$60,"This keyword indicates a broad interest in holiday films, suggesting high demand.",,,,,
2026-08-21,christmas vacation cast,,,,15,10,20,10,30,low,information,,,,movie posters,$10-$30,This keyword targets specific interest in the cast of a popular holiday movie.,,,,,
2026-08-21,christmas 2026,,,,10,5,15,5,20,low,planning,,,,event planners,$5-$20,This keyword indicates future planning for the holiday season.,,,,,
2026-08-21,christmas story,,,,20,10,30,25,15,high,low,,,,book,$10-$20,Limited presence on major platforms indicates niche interest.,,,,,
2026-08-21,christmas lights,,,,60,50,55,50,40,high,high,,,,decorative lights,$15-$50,Strong demand on Amazon indicates a popular seasonal item.,,,,,
2026-08-21,nightmare before christmas,,,,50,45,40,35,30,medium,medium,,,,merchandise,$10-$30,"Cult classic status leads to consistent interest, especially around holidays.",,,,,
2026-08-21,christmas decor,,,,70,60,65,60,50,high,high,,,,decor items,$20-$100,Broad appeal and high search volume on Amazon suggest strong demand.,,,,,
2026-08-21,christmas gift card book,,,,40,35,30,25,20,high,medium,,,,gift card holder,$5-$15,Niche product with potential for personalization but limited visibility.,,,,,
2026-08-21,christmas wrapping paper,,,,55,50,45,40,35,high,high,,,,wrapping paper,$5-$20,Consistent demand for wrapping paper during the holiday season.,,,,,
2026-08-21,christmas gifts 2026,,,,30,20,25,20,15,high,medium,,,,gift ideas,$10-$50,Future-oriented keyword suggests planning but limited current demand.,,,,,
2026-08-21,christmas gifts for mom,,,,65,55,60,55,45,high,high,,,,personalized gifts,$20-$100,High relevance and demand for personalized gifts for mothers during holidays.,,,,,
2026-08-21,christmas gifts for coworkers,,,,30,20,10,15,25,seasonal,gift shopping,gifts,various,varied,office gifts,10-50,"Specific to a niche audience, indicating moderate demand.",,,,,
2026-08-21,christmas gifts ideas,,,,40,30,20,25,35,seasonal,gift shopping,gifts,various,varied,gift guides,varied,Broad search term indicating high interest in gift ideas.,,,,,
2026-08-21,christmas gifts for teens,,,,35,25,15,20,30,seasonal,gift shopping,gifts,various,trendy,trendy gifts,20-100,Targets a specific demographic with consistent demand.,,,,,
2026-08-21,nightmare before christmas gifts,,,,30,40,25,20,15,seasonal,themed gifts,themed gifts,various,pop culture,themed merchandise,15-60,"Niche market with a dedicated fan base, but high competition.",,,,,
2026-08-21,toddler christmas gifts,,,,35,30,20,25,30,seasonal,gift shopping,gifts,various,child-friendly,toys,10-50,Consistent demand for toddler gifts during the holiday season.,,,,,
2026-08-21,baby christmas gifts,,,,40,35,25,30,40,seasonal,gift shopping,gifts,various,baby-friendly,baby toys,10-60,"High demand for baby gifts during Christmas, appealing to new parents.",,,,,
2026-08-21,bulk christmas gifts,,,,25,30,15,20,20,seasonal,bulk purchasing,gifts,various,bulk,bulk items,varied,Appeals to businesses or organizations looking for bulk gifts.,,,,,
2026-08-21,christmas ornaments near me,,,,30,25,20,15,25,seasonal,local shopping,ornaments,various,decorative,ornaments,5-30,Indicates a desire for local purchasing options for ornaments.,,,,,
2026-08-21,christmas ornaments nyc,,,,20,10,15,10,25,high,low,,,,ornaments,$10-$30,Niche geographic focus may limit broader appeal.,,,,,
2026-08-21,christmas ornaments sale,,,,25,15,20,15,30,high,medium,,,,ornaments,$5-$25,Sales attract buyers looking for deals during the holiday season.,,,,,
2026-08-21,christmas ornaments personalized,,,,30,25,35,30,40,high,high,,,,personalized ornaments,$15-$50,Personalized items are popular for gifting during the holidays.,,,,,
2026-08-21,christmas ornaments to make,,,,20,15,25,20,30,medium,medium,,,,DIY ornament kits,$10-$40,DIY trends can attract creative buyers looking for projects.,,,,,
2026-08-21,christmas ornament storage box,,,,15,10,20,15,25,medium,medium,,,,storage boxes,$10-$30,Practical storage solutions are needed post-holiday season.,,,,,
2026-08-21,christmas ornament crafts,,,,25,20,30,25,35,medium,medium,,,,craft kits,$10-$50,Crafting ornaments is a popular holiday activity for families.,,,,,
2026-08-21,vintage christmas ornaments,,,,30,30,25,20,35,high,high,,,,vintage ornaments,$20-$100,Vintage items attract collectors and nostalgic buyers.,,,,,
2026-08-21,diamond art christmas ornaments,,,,25,20,30,25,35,medium,medium,,,,diamond painting kits,$15-$50,Diamond art is a trending craft that appeals to hobbyists.,,,,,
2026-08-21,personalized christmas ornaments,,,,30,70,40,20,50,high,gift,,,,ornaments,$10-$30,"Personalization adds value, appealing for gifts during the holiday season.",,,,,
2026-08-21,christmas ornaments clearance,,,,25,65,30,15,40,high,bargain,,,,ornaments,$5-$15,"Clearance indicates a focus on discounts, appealing to budget-conscious shoppers.",,,,,
2026-08-21,clear christmas ornaments balls,,,,20,60,25,10,35,high,decor,,,,ornaments,$8-$20,"Clear ornaments are popular for DIY decoration, appealing to creative buyers.",,,,,
2026-08-21,christmas ornaments 2026,,,,15,50,20,5,30,high,future planning,,,,ornaments,$10-$25,Specific year keywords indicate forward-thinking shoppers preparing for future holidays.,,,,,
2026-08-21,christmas decorations on sale,,,,35,75,45,25,55,high,bargain,,,,decorations,$5-$50,Sales attract budget-conscious consumers looking for holiday decor.,,,,,
2026-08-21,christmas decorations 2026,,,,15,50,20,5,30,high,future planning,,,,decorations,$10-$50,"Similar to ornaments, this indicates planning for future holiday decorations.",,,,,
2026-08-21,christmas decorations near me,,,,40,80,50,30,60,high,local shopping,,,,decorations,$10-$100,Local searches indicate a desire for immediate purchase and convenience.,,,,,
2026-08-21,christmas decorations nyc,,,,30,70,40,20,50,high,local shopping,,,,decorations,$10-$100,Specific location indicates a targeted audience looking for decorations in NYC.,,,,,
2026-08-21,christmas decorations ideas,,,,30,10,20,15,25,high,low,,,,decorative items,low to medium,This keyword has low competition but is only present on Google.,,,,,
2026-08-21,christmas decorations disneyland,,,,25,10,15,10,20,high,low,,,,themed decorations,medium,This keyword is niche with low competition but limited to Google.,,,,,
2026-08-21,christmas decorations amazon,,,,35,15,25,20,30,high,medium,,,,various decorations,low to high,"This keyword indicates a search for products available on Amazon, suggesting moderate demand.",,,,,
2026-08-21,grinch christmas decorations,,,,40,20,30,25,35,high,high,,,,themed decorations,medium,"This keyword has a specific theme and is popular on Amazon, indicating strong buyer intent.",,,,,